timestamp,close,high,low,trade_count,open,volume,vwap,year,month,day,hour
2020-10-08 04:00:00+00:00,10.26,12.0,10.01,50757,10.925,10794674,10.796483,2020,10,8,4
2020-10-09 04:00:00+00:00,10.07,11.0,10.05,13695,10.93,2290202,10.302046,2020,10,9,4
2020-10-12 04:00:00+00:00,9.86,10.3,9.5,6958,10.2,1899576,9.971165,2020,10,12,4
2020-10-13 04:00:00+00:00,9.71,9.8489,9.06,12459,9.8,3434435,9.319306,2020,10,13,4
2020-10-14 04:00:00+00:00,9.32,10.28,9.32,8612,10.18,1670192,9.587486,2020,10,14,4
2020-10-15 04:00:00+00:00,10.79,10.79,9.26,23323,9.45,4986285,9.931665,2020,10,15,4
2020-10-16 04:00:00+00:00,12.01,12.5,10.79,26054,11.38,5580187,11.783467,2020,10,16,4
2020-10-19 04:00:00+00:00,11.97,13.2,11.92,19797,12.65,3775117,12.684052,2020,10,19,4
2020-10-20 04:00:00+00:00,12.2,12.38,11.1,10326,11.4,1878619,11.781036,2020,10,20,4
2020-10-21 04:00:00+00:00,12.5,12.55,11.5,6233,12.17,1720345,12.197357,2020,10,21,4
2020-10-22 04:00:00+00:00,12.4,12.47,11.44,8650,12.15,1586660,12.127311,2020,10,22,4
2020-10-23 04:00:00+00:00,13.49,13.64,12.61,12455,13.0,2793761,13.232515,2020,10,23,4
2020-10-26 04:00:00+00:00,13.73,14.19,13.18,10724,13.25,2309841,13.677139,2020,10,26,4
2020-10-27 04:00:00+00:00,13.8,14.04,13.1,7207,13.46,1960256,13.590014,2020,10,27,4
2020-10-28 04:00:00+00:00,13.73,14.2,12.4001,11169,13.0,2575034,13.650886,2020,10,28,4
2020-10-29 04:00:00+00:00,13.64,14.69,13.56,9882,13.95,2485075,13.956985,2020,10,29,4
2020-10-30 04:00:00+00:00,13.49,13.95,13.1801,7123,13.5,2016912,13.562761,2020,10,30,4
2020-11-02 05:00:00+00:00,13.8,14.7,13.5501,8097,14.22,1637847,14.046319,2020,11,2,5
2020-11-03 05:00:00+00:00,14.93,15.69,14.0,19377,14.02,3201662,14.890923,2020,11,3,5
2020-11-04 05:00:00+00:00,14.28,15.53,14.05,9893,15.45,1895259,14.845574,2020,11,4,5
2020-11-05 05:00:00+00:00,14.78,15.61,14.5991,8577,14.6,1520067,15.120421,2020,11,5,5
2020-11-06 05:00:00+00:00,14.92,15.35,14.29,10214,15.2,2038170,14.752586,2020,11,6,5
2020-11-09 05:00:00+00:00,14.65,15.2599,14.35,8590,14.99,1393159,14.753544,2020,11,9,5
2020-11-10 05:00:00+00:00,15.65,15.75,14.4,18320,14.55,3245947,15.283091,2020,11,10,5
2020-11-11 05:00:00+00:00,16.03,20.35,15.95,67452,20.0002,12687603,18.089974,2020,11,11,5
2020-11-12 05:00:00+00:00,15.42,16.65,14.87,28523,16.4,4795482,15.680652,2020,11,12,5
2020-11-13 05:00:00+00:00,15.32,16.57,14.96,20656,15.12,4589822,15.814153,2020,11,13,5
2020-11-16 05:00:00+00:00,18.59,18.71,15.65,22806,15.72,4716253,17.325906,2020,11,16,5
2020-11-17 05:00:00+00:00,21.66,22.44,18.3,57748,18.3,12281899,20.532468,2020,11,17,5
2020-11-18 05:00:00+00:00,20.83,23.8799,20.53,40025,22.25,8145158,22.001939,2020,11,18,5
2020-11-19 05:00:00+00:00,22.2,22.48,19.85,25696,22.13,4387676,21.486246,2020,11,19,5
2020-11-20 05:00:00+00:00,23.65,24.5,22.8,26393,22.83,5208872,23.546503,2020,11,20,5
2020-11-23 05:00:00+00:00,25.75,27.9,24.38,50938,24.88,8432184,26.434684,2020,11,23,5
2020-11-24 05:00:00+00:00,24.85,27.61,22.7501,48391,27.61,7342296,25.031652,2020,11,24,5
2020-11-25 05:00:00+00:00,25.26,25.57,23.0,35031,24.51,5745343,24.743602,2020,11,25,5
2020-11-27 05:00:00+00:00,27.1,27.4199,25.6,22300,25.9,3984874,26.788277,2020,11,27,5
2020-11-30 05:00:00+00:00,27.7,28.66,26.9,31828,27.91,5504574,27.649216,2020,11,30,5
2020-12-01 05:00:00+00:00,26.74,28.3,26.595,35196,28.1,5124513,27.155946,2020,12,1,5
2020-12-02 05:00:00+00:00,27.4,29.21,26.03,59878,28.5,10579635,27.700233,2020,12,2,5
2020-12-03 05:00:00+00:00,26.9,28.3,26.3,29948,26.81,5118845,27.26447,2020,12,3,5
2020-12-04 05:00:00+00:00,27.0,27.28,26.06,29683,27.2,4720440,26.678974,2020,12,4,5
2020-12-07 05:00:00+00:00,27.6,29.76,27.0,42905,27.89,6931541,28.206996,2020,12,7,5
2020-12-08 05:00:00+00:00,29.0,29.6539,27.1737,23744,27.4,4265574,28.530641,2020,12,8,5
2020-12-09 05:00:00+00:00,29.79,32.73,27.77,46522,29.0,8085944,30.369495,2020,12,9,5
2020-12-10 05:00:00+00:00,28.9,29.99,28.11,32553,28.69,4805711,28.888984,2020,12,10,5
2020-12-11 05:00:00+00:00,27.58,29.27,26.5466,37877,28.5,6062324,27.721337,2020,12,11,5
2020-12-14 05:00:00+00:00,27.15,28.98,25.55,29256,28.48,4385651,27.055055,2020,12,14,5
2020-12-15 05:00:00+00:00,26.47,27.65,26.03,23775,27.65,3072007,26.928035,2020,12,15,5
2020-12-16 05:00:00+00:00,29.7,31.1,26.93,65937,27.6,13004318,29.378616,2020,12,16,5
2020-12-17 05:00:00+00:00,35.32,35.87,29.6,128803,30.22,21059727,33.997475,2020,12,17,5
2020-12-18 05:00:00+00:00,39.25,40.18,35.93,106011,35.99,22499177,38.493339,2020,12,18,5
2020-12-21 05:00:00+00:00,49.48,51.64,39.8933,203753,42.14,33093827,47.170316,2020,12,21,5
2020-12-22 05:00:00+00:00,62.0,62.29,52.5,245201,55.6,36563079,57.662032,2020,12,22,5
2020-12-23 05:00:00+00:00,52.59,57.87,52.5,168017,56.08,20160535,55.280122,2020,12,23,5
2020-12-24 05:00:00+00:00,44.18,50.55,42.82,198588,50.5025,26340837,46.045006,2020,12,24,5
2020-12-28 05:00:00+00:00,38.94,41.47,36.5,218284,39.82,29400094,38.585109,2020,12,28,5
2020-12-29 05:00:00+00:00,38.74,39.94,36.12,123330,39.9024,19322682,37.787221,2020,12,29,5
2020-12-30 05:00:00+00:00,33.31,38.99,32.25,314922,37.81,53755770,35.173469,2020,12,30,5
2020-12-31 05:00:00+00:00,28.0,30.65,27.3501,322692,30.65,64029002,29.035803,2020,12,31,5
2021-01-04 05:00:00+00:00,24.24,28.24,23.17,336556,28.23,62210777,24.910574,2021,1,4,5
2021-01-05 05:00:00+00:00,27.33,30.77,26.77,373876,27.71,75981435,28.780313,2021,1,5,5
2021-01-06 05:00:00+00:00,27.17,29.19,25.6105,184634,28.09,37361652,27.451794,2021,1,6,5
2021-01-07 05:00:00+00:00,28.37,30.13,27.22,131907,28.35,26731502,28.721275,2021,1,7,5
2021-01-08 05:00:00+00:00,27.31,29.4,26.01,130384,28.96,20680622,27.357583,2021,1,8,5
2021-01-11 05:00:00+00:00,27.19,28.94,26.0709,78808,26.1,13219913,27.51926,2021,1,11,5
2021-01-12 05:00:00+00:00,36.48,36.9,29.55,363200,31.12,78711549,32.678295,2021,1,12,5
2021-01-13 05:00:00+00:00,35.8,40.4,34.51,284708,38.29,53701365,36.979161,2021,1,13,5
2021-01-14 05:00:00+00:00,35.62,36.87,32.52,170425,36.07,33062322,34.783836,2021,1,14,5
2021-01-15 05:00:00+00:00,32.13,36.2,31.7,141319,35.0,23944216,33.170656,2021,1,15,5
2021-01-19 05:00:00+00:00,30.74,32.5,29.52,128082,32.41,22120622,30.901429,2021,1,19,5
2021-01-20 05:00:00+00:00,30.15,32.49,30.06,106323,31.63,18582938,30.892868,2021,1,20,5
2021-01-21 05:00:00+00:00,35.5,36.0,31.36,246859,31.7,52685731,33.982132,2021,1,21,5
2021-01-22 05:00:00+00:00,37.72,38.1,33.28,169060,34.2,33563276,35.929457,2021,1,22,5
2021-01-25 05:00:00+00:00,40.98,44.78,36.1,302071,40.32,49739300,41.427893,2021,1,25,5
2021-01-26 05:00:00+00:00,43.92,44.25,38.63,168984,41.9,28038148,41.438622,2021,1,26,5
2021-01-27 05:00:00+00:00,46.75,57.47,44.55,408652,47.63,58868658,51.207168,2021,1,27,5
2021-01-28 05:00:00+00:00,39.85,49.88,39.85,232104,49.8,34009955,44.385615,2021,1,28,5
2021-01-29 05:00:00+00:00,42.25,46.35,40.5,227294,45.39,30117584,43.298761,2021,1,29,5
2021-02-01 05:00:00+00:00,52.4,52.4,44.3,360208,47.42,44225971,49.373192,2021,2,1,5
2021-02-02 05:00:00+00:00,48.46,51.31,47.12,193863,50.85,21032675,48.83452,2021,2,2,5
2021-02-03 05:00:00+00:00,49.1,50.5,47.5,95700,49.26,11272085,48.995493,2021,2,3,5
2021-02-04 05:00:00+00:00,51.05,54.24,49.97,131207,50.8,18945854,51.861024,2021,2,4,5
2021-02-05 05:00:00+00:00,48.78,51.499,48.33,97552,51.2,10547165,49.441341,2021,2,5,5
2021-02-08 05:00:00+00:00,46.32,47.79,45.3,132611,47.36,13778863,46.630741,2021,2,8,5
2021-02-09 05:00:00+00:00,46.75,48.78,44.51,108987,46.0,13419554,46.651626,2021,2,9,5
2021-02-10 05:00:00+00:00,45.85,49.5,43.5,119676,47.83,13140542,46.491179,2021,2,10,5
2021-02-11 05:00:00+00:00,43.89,46.2,42.8,90404,45.32,8869674,44.372995,2021,2,11,5
2021-02-12 05:00:00+00:00,46.66,47.0,42.8541,87474,43.17,10909784,45.590024,2021,2,12,5
2021-02-16 05:00:00+00:00,43.28,47.28,42.3583,125134,46.47,13093997,44.158277,2021,2,16,5
2021-02-17 05:00:00+00:00,45.96,46.3,43.0,94021,44.73,12330714,45.068022,2021,2,17,5
2021-02-18 05:00:00+00:00,42.23,45.46,41.6941,99171,44.49,11445338,43.36432,2021,2,18,5
2021-02-19 05:00:00+00:00,42.95,44.64,42.2,77564,43.25,11318299,43.180021,2021,2,19,5
2021-02-22 05:00:00+00:00,40.82,42.85,40.38,105875,41.94,11561694,41.136968,2021,2,22,5
2021-02-23 05:00:00+00:00,38.93,39.6399,33.0,163513,35.95,18407152,36.04222,2021,2,23,5
2021-02-24 05:00:00+00:00,39.41,39.8,36.21,80290,39.24,9791912,38.188696,2021,2,24,5
2021-02-25 05:00:00+00:00,34.91,40.8,33.99,98638,38.85,12225713,36.884261,2021,2,25,5
2021-02-26 05:00:00+00:00,35.3,36.66,33.3019,75278,35.21,9976339,34.960856,2021,2,26,5
2021-03-01 05:00:00+00:00,38.78,38.78,36.26,65432,37.2,7765363,37.810129,2021,3,1,5
2021-03-02 05:00:00+00:00,41.89,43.28,39.33,198611,43.21,26255344,41.394118,2021,3,2,5
2021-03-03 05:00:00+00:00,34.14,37.73,34.0,233685,37.7,28095046,35.614031,2021,3,3,5
2021-03-04 05:00:00+00:00,32.11,35.5,27.4,234071,34.08,30297013,30.729914,2021,3,4,5
2021-03-05 05:00:00+00:00,29.96,31.96,26.13,148875,31.21,19292322,29.070406,2021,3,5,5
2021-03-08 05:00:00+00:00,27.31,31.17,26.8,103946,29.74,11832063,28.699768,2021,3,8,5
2021-03-09 05:00:00+00:00,28.91,29.74,28.015,82243,28.66,10608609,28.918207,2021,3,9,5
2021-03-10 05:00:00+00:00,30.05,32.0,29.65,82837,30.41,11687112,30.804358,2021,3,10,5
2021-03-11 05:00:00+00:00,33.65,34.14,30.51,81199,31.34,11190075,32.769793,2021,3,11,5
2021-03-12 05:00:00+00:00,32.31,33.24,30.71,66166,31.43,7195391,32.30796,2021,3,12,5
2021-03-15 04:00:00+00:00,33.43,34.35,31.5621,63703,32.08,10765374,33.314541,2021,3,15,4
2021-03-16 04:00:00+00:00,31.96,34.72,31.39,62061,34.71,8204751,32.954841,2021,3,16,4
2021-03-17 04:00:00+00:00,32.05,32.4611,29.4,62954,30.18,9164896,31.202215,2021,3,17,4
2021-03-18 04:00:00+00:00,30.21,31.853,29.8,46987,30.74,5964331,30.680866,2021,3,18,4
2021-03-19 04:00:00+00:00,31.42,32.27,28.81,60848,29.9,12358816,31.217985,2021,3,19,4
2021-03-22 04:00:00+00:00,31.53,32.14,30.595,36494,31.68,5285592,31.516869,2021,3,22,4
2021-03-23 04:00:00+00:00,30.09,31.47,29.1315,64676,31.4,8006506,30.033825,2021,3,23,4
2021-03-24 04:00:00+00:00,26.85,30.58,26.75,67997,29.56,7071249,28.359938,2021,3,24,4
2021-03-25 04:00:00+00:00,25.89,27.05,25.12,85675,25.84,9694337,25.91758,2021,3,25,4
2021-03-26 04:00:00+00:00,21.88,26.67,20.69,207783,26.06,31195678,22.46285,2021,3,26,4
2021-03-29 04:00:00+00:00,21.06,22.4721,20.7,141519,22.01,20099680,21.357199,2021,3,29,4
2021-03-30 04:00:00+00:00,21.75,22.78,20.38,119745,21.0,18892336,21.601997,2021,3,30,4
2021-03-31 04:00:00+00:00,22.12,22.82,21.2444,97768,22.65,15727236,22.102334,2021,3,31,4
2021-04-01 04:00:00+00:00,22.44,24.01,22.22,111461,23.73,19596813,22.884284,2021,4,1,4
2021-04-05 04:00:00+00:00,21.49,23.0,21.17,106506,22.87,15648071,21.649481,2021,4,5,4
2021-04-06 04:00:00+00:00,22.37,23.19,20.9,114574,21.49,20011642,22.105146,2021,4,6,4
2021-04-07 04:00:00+00:00,20.74,22.78,20.61,102895,21.94,16696985,21.504916,2021,4,7,4
2021-04-08 04:00:00+00:00,20.7,21.26,20.26,88828,20.77,13294821,20.613897,2021,4,8,4
2021-04-09 04:00:00+00:00,23.31,25.35,21.38,468865,22.16,105149825,23.738179,2021,4,9,4
2021-04-12 04:00:00+00:00,21.35,23.28,20.85,141033,22.64,24337930,21.606839,2021,4,12,4
2021-04-13 04:00:00+00:00,21.24,21.8399,20.75,81463,21.19,12212034,21.163722,2021,4,13,4
2021-04-14 04:00:00+00:00,20.97,22.18,20.87,71629,21.32,13655639,21.50124,2021,4,14,4
2021-04-15 04:00:00+00:00,19.29,21.25,19.2,126943,21.08,18719006,19.902536,2021,4,15,4
2021-04-16 04:00:00+00:00,18.86,19.63,18.33,86940,18.76,12634265,19.000803,2021,4,16,4
2021-04-19 04:00:00+00:00,19.43,19.43,18.45,1,18.45,116475,18.45,2021,4,19,4
2021-04-20 04:00:00+00:00,18.58,19.6492,17.75,69372,19.23,11251539,18.406654,2021,4,20,4
2021-04-21 04:00:00+00:00,19.71,19.79,17.59,74595,18.2,12888561,18.870103,2021,4,21,4
2021-04-22 04:00:00+00:00,20.38,21.53,19.65,101870,20.0,19903179,20.65222,2021,4,22,4
2021-04-23 04:00:00+00:00,20.66,21.14,20.25,48824,20.4,8216463,20.646173,2021,4,23,4
2021-04-26 04:00:00+00:00,21.79,22.31,20.83,61263,21.0,10073812,21.714126,2021,4,26,4
2021-04-27 04:00:00+00:00,22.11,22.63,21.16,53680,22.12,8887840,22.027191,2021,4,27,4
2021-04-28 04:00:00+00:00,21.78,22.4299,21.28,38019,21.97,5641141,21.835355,2021,4,28,4
2021-04-29 04:00:00+00:00,20.66,22.2,20.231,71783,22.03,11314731,20.903706,2021,4,29,4
2021-04-30 04:00:00+00:00,20.16,20.9299,19.93,43721,20.34,6103127,20.31456,2021,4,30,4
2021-05-03 04:00:00+00:00,19.76,20.39,19.51,66138,20.18,10347229,19.970313,2021,5,3,4
2021-05-04 04:00:00+00:00,18.88,19.6,18.2,74450,19.5,9360264,18.661433,2021,5,4,4
2021-05-05 04:00:00+00:00,18.0,19.15,17.92,53786,18.82,7670772,18.477829,2021,5,5,4
2021-05-06 04:00:00+00:00,17.07,17.89,16.57,74681,17.69,10445060,17.123764,2021,5,6,4
2021-05-07 04:00:00+00:00,17.24,18.5499,17.23,49722,17.44,8355000,17.772183,2021,5,7,4
2021-05-10 04:00:00+00:00,16.35,17.17,16.28,58818,17.17,8443528,16.648329,2021,5,10,4
2021-05-11 04:00:00+00:00,17.67,17.75,14.64,173218,14.83,32261830,16.781427,2021,5,11,4
2021-05-12 04:00:00+00:00,19.38,21.38,18.85,274027,21.18,57335444,19.927112,2021,5,12,4
2021-05-13 04:00:00+00:00,18.27,19.38,17.61,102811,18.85,21033054,18.534338,2021,5,13,4
2021-05-14 04:00:00+00:00,20.53,20.89,18.53,107267,18.69,20355979,20.28467,2021,5,14,4
2021-05-17 04:00:00+00:00,20.4,22.0,19.72,103285,20.29,24513101,20.686245,2021,5,17,4
2021-05-18 04:00:00+00:00,21.42,22.28,20.51,104305,21.0,24689349,21.632117,2021,5,18,4
2021-05-19 04:00:00+00:00,20.57,21.39,20.0,93472,20.4,21667883,20.577022,2021,5,19,4
2021-05-20 04:00:00+00:00,20.56,21.29,20.15,62558,20.84,14529057,20.684908,2021,5,20,4
2021-05-21 04:00:00+00:00,20.29,21.1,20.23,58661,20.57,12919020,20.586278,2021,5,21,4
2021-05-24 04:00:00+00:00,21.44,21.85,20.0522,80493,20.37,19849300,20.969621,2021,5,24,4
2021-05-25 04:00:00+00:00,21.0,22.41,20.62,82598,21.62,19651175,21.304188,2021,5,25,4
2021-05-26 04:00:00+00:00,23.72,24.69,21.19,190593,21.24,46650805,23.395195,2021,5,26,4
2021-05-27 04:00:00+00:00,25.61,25.61,23.11,154258,23.9,36716062,24.433858,2021,5,27,4
2021-05-28 04:00:00+00:00,23.74,26.4899,23.74,137711,25.57,29813603,24.729147,2021,5,28,4
2021-06-01 04:00:00+00:00,24.3,24.75,23.61,78157,24.0,17094821,24.217531,2021,6,1,4
2021-06-02 04:00:00+00:00,28.52,28.66,24.105,232154,24.24,45194484,27.144086,2021,6,2,4
2021-06-03 04:00:00+00:00,27.38,28.18,26.3,122714,27.89,21901584,27.33198,2021,6,3,4
2021-06-04 04:00:00+00:00,26.97,28.65,26.76,86134,27.39,15957819,27.537444,2021,6,4,4
2021-06-07 04:00:00+00:00,30.46,31.4397,27.62,203886,27.84,38321957,29.98587,2021,6,7,4
2021-06-08 04:00:00+00:00,30.08,31.57,29.17,122111,30.49,22440752,30.377947,2021,6,8,4
2021-06-09 04:00:00+00:00,29.0,30.39,28.825,77273,30.24,13467076,29.45286,2021,6,9,4
2021-06-10 04:00:00+00:00,27.83,29.6199,27.15,86567,29.0,14851865,28.125235,2021,6,10,4
2021-06-11 04:00:00+00:00,29.79,30.75,28.11,96710,28.22,20263008,29.761674,2021,6,11,4
2021-06-14 04:00:00+00:00,29.47,30.33,28.83,48494,29.81,7138881,29.614235,2021,6,14,4
2021-06-15 04:00:00+00:00,27.9,29.25,27.53,55342,29.25,7768485,28.227673,2021,6,15,4
2021-06-16 04:00:00+00:00,28.62,29.0,27.2,51425,27.75,8285076,28.078239,2021,6,16,4
2021-06-17 04:00:00+00:00,29.53,30.63,28.4501,63422,28.55,10940535,29.829029,2021,6,17,4
2021-06-18 04:00:00+00:00,29.26,30.19,28.31,53770,29.28,14511222,29.212919,2021,6,18,4
2021-06-21 04:00:00+00:00,31.62,32.43,28.2,108885,28.97,19939111,31.040319,2021,6,21,4
2021-06-22 04:00:00+00:00,31.72,33.7,31.32,103938,32.02,17978674,32.361444,2021,6,22,4
2021-06-23 04:00:00+00:00,32.58,33.66,31.21,81702,32.07,14554593,32.698267,2021,6,23,4
2021-06-24 04:00:00+00:00,32.3,33.209,31.84,58122,33.01,8293774,32.512943,2021,6,24,4
2021-06-25 04:00:00+00:00,34.25,35.09,32.57,120486,32.65,46406852,34.259082,2021,6,25,4
2021-06-28 04:00:00+00:00,33.82,34.21,32.7806,74224,33.93,9916352,33.50173,2021,6,28,4
2021-06-29 04:00:00+00:00,31.94,34.1,31.68,65860,33.79,9311253,32.694336,2021,6,29,4
2021-06-30 04:00:00+00:00,32.11,32.63,30.43,56334,31.41,7681673,31.689251,2021,6,30,4
2021-07-01 04:00:00+00:00,30.96,32.75,30.72,52913,32.69,6396201,31.396997,2021,7,1,4
2021-07-02 04:00:00+00:00,30.06,31.23,29.12,68944,30.9,8918916,29.887291,2021,7,2,4
2021-07-06 04:00:00+00:00,29.11,30.0,28.341,51910,29.07,6570587,29.125663,2021,7,6,4
2021-07-07 04:00:00+00:00,27.72,29.5,27.4526,60001,29.43,8243471,28.035289,2021,7,7,4
2021-07-08 04:00:00+00:00,28.91,29.08,25.75,68986,26.21,10954636,28.136124,2021,7,8,4
2021-07-09 04:00:00+00:00,28.83,29.84,28.42,38556,28.59,5301167,28.890191,2021,7,9,4
2021-07-12 04:00:00+00:00,28.63,29.11,27.55,32547,28.89,4117776,28.231393,2021,7,12,4
2021-07-13 04:00:00+00:00,27.51,29.8,27.3364,38939,28.52,5779019,28.370338,2021,7,13,4
2021-07-14 04:00:00+00:00,25.7,27.7046,25.51,51672,27.51,7237317,26.380149,2021,7,14,4
2021-07-15 04:00:00+00:00,25.69,26.89,24.6,49857,25.68,7265450,25.594571,2021,7,15,4
2021-07-16 04:00:00+00:00,25.97,28.0,25.54,60069,27.05,10209733,26.448465,2021,7,16,4
2021-07-19 04:00:00+00:00,25.96,26.48,24.52,45594,24.99,6107364,25.588472,2021,7,19,4
2021-07-20 04:00:00+00:00,26.51,26.8,24.83,34582,25.95,4547748,25.943156,2021,7,20,4
2021-07-21 04:00:00+00:00,27.28,27.33,26.4067,32816,26.54,4678774,26.955431,2021,7,21,4
2021-07-22 04:00:00+00:00,26.43,27.74,25.98,33344,27.65,4819446,26.620693,2021,7,22,4
2021-07-23 04:00:00+00:00,26.72,27.18,25.5936,42829,26.22,6053375,26.409088,2021,7,23,4
2021-07-26 04:00:00+00:00,26.91,27.21,26.03,32340,26.81,3652568,26.631254,2021,7,26,4
2021-07-27 04:00:00+00:00,26.11,26.87,24.76,49066,26.71,6927606,25.558249,2021,7,27,4
2021-07-28 04:00:00+00:00,27.66,27.97,25.85,33362,25.99,4532935,27.185044,2021,7,28,4
2021-07-29 04:00:00+00:00,27.02,28.45,26.99,33652,27.66,4738404,27.501044,2021,7,29,4
2021-07-30 04:00:00+00:00,26.04,27.1624,25.9,27923,26.68,3865562,26.372049,2021,7,30,4
2021-08-02 04:00:00+00:00,26.17,26.759,25.75,27674,26.0,3024636,26.269694,2021,8,2,4
2021-08-03 04:00:00+00:00,25.99,26.31,25.13,26711,26.3,2915224,25.687236,2021,8,3,4
2021-08-04 04:00:00+00:00,25.24,26.02,24.8133,37082,25.49,4538804,25.238523,2021,8,4,4
2021-08-05 04:00:00+00:00,26.35,26.56,24.9,29540,25.16,3813765,26.056355,2021,8,5,4
2021-08-06 04:00:00+00:00,26.21,26.8,25.85,21852,26.71,3045016,26.296588,2021,8,6,4
2021-08-09 04:00:00+00:00,27.93,28.41,26.3326,55982,26.44,7155383,27.878841,2021,8,9,4
2021-08-10 04:00:00+00:00,28.64,29.1099,27.26,92979,28.29,13385372,28.28762,2021,8,10,4
2021-08-11 04:00:00+00:00,31.82,33.68,30.21,206505,32.96,36333718,31.688679,2021,8,11,4
2021-08-12 04:00:00+00:00,31.56,32.52,31.06,59341,31.8,8330373,31.831182,2021,8,12,4
2021-08-13 04:00:00+00:00,28.83,30.45,28.38,85519,30.3,12042309,29.11957,2021,8,13,4
2021-08-16 04:00:00+00:00,27.54,28.41,27.22,44444,28.0,4912964,27.786531,2021,8,16,4
2021-08-17 04:00:00+00:00,26.74,28.75,26.36,71279,26.85,10919186,27.519737,2021,8,17,4
2021-08-18 04:00:00+00:00,26.12,27.37,25.59,57349,26.92,7531523,26.471305,2021,8,18,4
2021-08-19 04:00:00+00:00,25.15,26.17,24.91,48124,25.85,6183130,25.469402,2021,8,19,4
2021-08-20 04:00:00+00:00,25.36,25.67,24.95,30798,25.15,3944923,25.321447,2021,8,20,4
2021-08-23 04:00:00+00:00,26.32,26.66,25.55,37296,25.67,4766228,26.185568,2021,8,23,4
2021-08-24 04:00:00+00:00,27.71,27.72,26.4728,37043,26.5,5471598,27.263329,2021,8,24,4
2021-08-25 04:00:00+00:00,27.42,28.38,27.26,32066,28.0,4469917,27.680889,2021,8,25,4
2021-08-26 04:00:00+00:00,26.15,27.93,25.96,33080,27.25,4590784,26.725753,2021,8,26,4
2021-08-27 04:00:00+00:00,27.05,27.07,26.1156,27986,26.41,3435558,26.79881,2021,8,27,4
2021-08-30 04:00:00+00:00,27.54,27.72,26.44,33154,27.29,4602862,27.207879,2021,8,30,4
2021-08-31 04:00:00+00:00,29.15,29.53,27.59,61991,27.87,9096406,28.763525,2021,8,31,4
2021-09-01 04:00:00+00:00,29.56,29.95,28.813,47003,29.2,6597781,29.451156,2021,9,1,4
2021-09-02 04:00:00+00:00,29.73,30.43,29.27,42970,29.48,6000559,29.944254,2021,9,2,4
2021-09-03 04:00:00+00:00,29.97,30.89,29.55,51390,30.66,7487751,30.181965,2021,9,3,4
2021-09-07 04:00:00+00:00,29.58,30.43,28.6,42285,30.2,5970793,29.454919,2021,9,7,4
2021-09-08 04:00:00+00:00,28.38,30.43,28.34,44496,30.0,6615298,29.308947,2021,9,8,4
2021-09-09 04:00:00+00:00,29.1,29.67,27.92,32970,28.0,4334151,29.07722,2021,9,9,4
2021-09-10 04:00:00+00:00,29.89,30.5,29.06,46223,29.1,6891463,29.980507,2021,9,10,4
2021-09-13 04:00:00+00:00,27.45,30.36,27.42,65958,30.01,9555802,28.185751,2021,9,13,4
2021-09-14 04:00:00+00:00,27.21,28.0323,26.43,49913,27.59,6720162,27.007309,2021,9,14,4
2021-09-15 04:00:00+00:00,27.15,27.395,26.59,30323,27.0,3933219,26.995068,2021,9,15,4
2021-09-16 04:00:00+00:00,27.55,27.62,26.76,26559,27.03,3414469,27.356933,2021,9,16,4
2021-09-17 04:00:00+00:00,28.28,28.37,27.1531,31396,27.9,8239431,28.05178,2021,9,17,4
2021-09-20 04:00:00+00:00,26.07,27.5,25.73,55682,27.15,7681814,26.414961,2021,9,20,4
2021-09-21 04:00:00+00:00,25.22,26.5,25.09,46752,26.3,5819169,25.522045,2021,9,21,4
2021-09-22 04:00:00+00:00,26.16,26.23,25.3,30957,25.36,4038574,25.829329,2021,9,22,4
2021-09-23 04:00:00+00:00,25.94,26.5697,25.89,35964,26.47,4546179,26.114244,2021,9,23,4
2021-09-24 04:00:00+00:00,25.42,25.87,25.03,33891,25.82,4467264,25.414947,2021,9,24,4
2021-09-27 04:00:00+00:00,25.75,26.155,24.76,27620,25.18,3522049,25.637854,2021,9,27,4
2021-09-28 04:00:00+00:00,23.91,25.68,23.8,60358,25.41,7239577,24.230742,2021,9,28,4
2021-09-29 04:00:00+00:00,22.89,24.07,22.77,48689,24.0,6260460,23.353537,2021,9,29,4
2021-09-30 04:00:00+00:00,23.96,24.62,22.81,44663,23.0,6160028,23.863005,2021,9,30,4
2021-10-01 04:00:00+00:00,24.41,24.48,23.42,30205,24.01,4168187,24.0255,2021,10,1,4
2021-10-04 04:00:00+00:00,23.25,24.06,22.72,40867,24.01,5059481,23.181978,2021,10,4,4
2021-10-05 04:00:00+00:00,23.54,23.79,23.01,24297,23.4,3227663,23.449745,2021,10,5,4
2021-10-06 04:00:00+00:00,24.13,24.45,22.99,26675,23.24,3879967,23.733478,2021,10,6,4
2021-10-07 04:00:00+00:00,25.03,25.68,24.34,32599,24.45,5176351,25.093759,2021,10,7,4
2021-10-08 04:00:00+00:00,25.12,25.53,24.64,24926,25.0,3609921,25.126965,2021,10,8,4
2021-10-11 04:00:00+00:00,25.47,26.27,24.88,31932,24.88,4581702,25.734508,2021,10,11,4
2021-10-12 04:00:00+00:00,25.81,25.892,24.93,22490,25.31,3155525,25.483891,2021,10,12,4
2021-10-13 04:00:00+00:00,27.24,27.54,25.912,34466,25.99,5186605,26.979585,2021,10,13,4
2021-10-14 04:00:00+00:00,27.74,29.15,27.38,51736,27.9,7942711,28.22538,2021,10,14,4
2021-10-15 04:00:00+00:00,28.01,28.98,27.72,34857,28.28,5240888,28.384029,2021,10,15,4
2021-10-18 04:00:00+00:00,29.91,29.95,27.58,48240,27.65,6565551,29.257079,2021,10,18,4
2021-10-19 04:00:00+00:00,29.8,30.98,29.21,58260,30.5,8356360,30.014853,2021,10,19,4
2021-10-20 04:00:00+00:00,29.57,30.21,29.3,29560,29.93,3578791,29.791712,2021,10,20,4
2021-10-21 04:00:00+00:00,29.92,30.58,29.34,27731,29.55,3563497,30.121537,2021,10,21,4
2021-10-22 04:00:00+00:00,28.52,29.63,27.97,33834,29.4,4748705,28.544912,2021,10,22,4
2021-10-25 04:00:00+00:00,30.09,30.09,28.45,125,28.45,174138,29.773473,2021,10,25,4
2021-10-26 04:00:00+00:00,29.27,30.53,28.86,38841,30.45,6903876,29.789808,2021,10,26,4
2021-10-27 04:00:00+00:00,28.13,29.78,28.12,23878,29.01,3251527,28.735841,2021,10,27,4
2021-10-28 04:00:00+00:00,29.48,29.8723,28.24,28649,28.4,4411432,29.28976,2021,10,28,4
2021-10-29 04:00:00+00:00,29.81,30.19,28.9659,22859,29.12,3426308,29.752054,2021,10,29,4
2021-11-01 04:00:00+00:00,33.06,33.45,30.05,91669,30.05,13536649,32.555757,2021,11,1,4
2021-11-02 04:00:00+00:00,33.76,33.9,31.84,45548,32.9,5772875,32.887502,2021,11,2,4
2021-11-03 04:00:00+00:00,33.87,34.68,33.01,44040,33.9,6231076,34.018383,2021,11,3,4
2021-11-04 04:00:00+00:00,32.69,35.1,32.27,62333,34.2,7678514,33.338993,2021,11,4,4
2021-11-05 04:00:00+00:00,32.82,33.22,32.01,36524,32.84,4739799,32.770745,2021,11,5,4
2021-11-08 05:00:00+00:00,33.67,33.98,33.08,35978,33.25,4325135,33.585058,2021,11,8,5
2021-11-09 05:00:00+00:00,33.13,34.3,31.77,79896,34.19,10593234,32.893171,2021,11,9,5
2021-11-10 05:00:00+00:00,25.47,29.26,25.19,236087,29.2,33846943,26.790637,2021,11,10,5
2021-11-11 05:00:00+00:00,25.0,26.43,24.88,90964,25.83,12489439,25.358458,2021,11,11,5
2021-11-12 05:00:00+00:00,24.54,25.24,24.06,78927,25.1,10157061,24.570254,2021,11,12,5
2021-11-15 05:00:00+00:00,24.55,25.3,24.37,59271,24.61,7804574,24.73237,2021,11,15,5
2021-11-16 05:00:00+00:00,24.18,24.37,23.22,70004,24.37,9129473,23.749152,2021,11,16,5
2021-11-17 05:00:00+00:00,23.98,24.36,23.35,44317,24.25,5433859,23.796001,2021,11,17,5
2021-11-18 05:00:00+00:00,22.0,23.9,21.86,87347,23.79,12044352,22.4925,2021,11,18,5
2021-11-19 05:00:00+00:00,21.42,22.5899,21.27,56735,21.85,7848581,21.761384,2021,11,19,5
2021-11-22 05:00:00+00:00,20.68,21.9,20.39,63480,21.42,7995386,21.023099,2021,11,22,5
2021-11-23 05:00:00+00:00,20.49,21.17,19.95,56338,20.54,8576649,20.395682,2021,11,23,5
2021-11-24 05:00:00+00:00,21.26,21.85,20.2,47942,20.45,7304245,21.144828,2021,11,24,5
2021-11-26 05:00:00+00:00,21.04,21.49,20.51,27794,20.57,3958127,20.952046,2021,11,26,5
2021-11-29 05:00:00+00:00,20.74,21.38,19.71,55836,21.29,7734830,20.277566,2021,11,29,5
2021-11-30 05:00:00+00:00,19.62,20.97,18.97,63784,20.67,7804934,19.67082,2021,11,30,5
2021-12-01 05:00:00+00:00,17.78,19.869,17.7,84661,19.83,10839799,18.565932,2021,12,1,5
2021-12-02 05:00:00+00:00,18.2,18.78,17.36,58747,17.62,7490880,18.105274,2021,12,2,5
2021-12-03 05:00:00+00:00,17.59,18.08,16.52,70466,17.94,9579059,17.139547,2021,12,3,5
2021-12-06 05:00:00+00:00,17.36,17.78,16.26,54621,16.94,8108597,17.219737,2021,12,6,5
2021-12-07 05:00:00+00:00,18.6,19.18,18.03,49215,18.08,7103202,18.634204,2021,12,7,5
2021-12-08 05:00:00+00:00,19.77,20.19,18.27,52816,18.7,7413918,19.572213,2021,12,8,5
2021-12-09 05:00:00+00:00,18.86,21.57,18.59,80269,20.01,12859416,19.708861,2021,12,9,5
2021-12-10 05:00:00+00:00,17.81,19.62,17.57,63615,19.01,9376878,18.15829,2021,12,10,5
2021-12-13 05:00:00+00:00,17.14,17.96,16.52,52952,17.77,7023491,17.075547,2021,12,13,5
2021-12-14 05:00:00+00:00,16.7,17.12,16.26,55166,16.59,7982860,16.639221,2021,12,14,5
2021-12-15 05:00:00+00:00,17.21,17.3636,15.81,60672,16.45,8504559,16.514172,2021,12,15,5
2021-12-16 05:00:00+00:00,16.29,17.73,15.91,61515,17.47,8190887,16.558325,2021,12,16,5
2021-12-17 05:00:00+00:00,16.62,16.73,15.18,69946,15.88,11524615,16.139403,2021,12,17,5
2021-12-20 05:00:00+00:00,16.0,16.56,15.51,46584,16.02,6967205,15.924205,2021,12,20,5
2021-12-21 05:00:00+00:00,16.96,17.225,16.11,39781,16.14,6630282,16.792072,2021,12,21,5
2021-12-22 05:00:00+00:00,16.59,17.18,16.43,35598,16.82,6001048,16.677921,2021,12,22,5
2021-12-23 05:00:00+00:00,17.7,18.01,16.36,55982,16.54,11935151,17.35321,2021,12,23,5
2021-12-27 05:00:00+00:00,16.81,17.6414,16.61,48240,17.5,8979344,16.945865,2021,12,27,5
2021-12-28 05:00:00+00:00,15.87,16.83,15.82,49147,16.67,9642888,16.193219,2021,12,28,5
2021-12-29 05:00:00+00:00,15.4,16.0327,15.01,58382,15.78,10446651,15.363572,2021,12,29,5
2021-12-30 05:00:00+00:00,16.14,16.635,15.27,57285,15.33,9959282,16.276005,2021,12,30,5
2021-12-31 05:00:00+00:00,15.52,16.65,15.51,35398,15.99,6090646,15.882097,2021,12,31,5
2022-01-03 05:00:00+00:00,16.2,16.65,15.5582,35981,15.9,6148933,16.172592,2022,1,3,5
2022-01-04 05:00:00+00:00,15.81,16.29,15.07,44273,16.2,7231869,15.506951,2022,1,4,5
2022-01-05 05:00:00+00:00,14.16,15.5999,13.898,78741,15.5,13547045,14.603346,2022,1,5,5
2022-01-06 05:00:00+00:00,13.92,14.515,13.18,55067,14.01,9434161,13.889201,2022,1,6,5
2022-01-07 05:00:00+00:00,13.97,14.56,13.6101,45800,13.98,7840731,14.06067,2022,1,7,5
2022-01-10 05:00:00+00:00,13.56,13.73,12.79,82126,13.71,12481859,13.228791,2022,1,10,5
2022-01-11 05:00:00+00:00,14.79,15.39,13.28,72792,13.52,11283894,14.774176,2022,1,11,5
2022-01-12 05:00:00+00:00,14.65,15.58,14.635,37889,15.02,6887088,14.989556,2022,1,12,5
2022-01-13 05:00:00+00:00,13.6,14.9,13.57,49104,14.86,8337963,14.002432,2022,1,13,5
2022-01-14 05:00:00+00:00,13.12,13.7,12.67,67209,13.16,11051280,13.023608,2022,1,14,5
2022-01-18 05:00:00+00:00,12.33,13.074,12.14,53376,12.73,8994850,12.436241,2022,1,18,5
2022-01-19 05:00:00+00:00,11.94,12.56,11.81,61500,12.42,10969366,12.137576,2022,1,19,5
2022-01-20 05:00:00+00:00,11.27,12.64,11.24,75177,12.03,13786567,11.874216,2022,1,20,5
2022-01-21 05:00:00+00:00,10.21,10.785,10.08,108342,10.58,20802730,10.369647,2022,1,21,5
2022-01-24 05:00:00+00:00,10.11,10.12,8.76,106471,9.37,19962686,9.43471,2022,1,24,5
2022-01-25 05:00:00+00:00,9.88,10.26,9.475,67384,9.69,10685464,9.827262,2022,1,25,5
2022-01-26 05:00:00+00:00,9.47,10.7264,9.38,64650,10.24,13590401,10.039115,2022,1,26,5
2022-01-27 05:00:00+00:00,8.86,9.7525,8.74,69637,9.75,13033545,9.098365,2022,1,27,5
2022-01-28 05:00:00+00:00,9.84,9.92,8.95,74654,8.95,15828424,9.512921,2022,1,28,5
2022-01-31 05:00:00+00:00,10.74,10.835,9.83,60030,9.87,11758116,10.526584,2022,1,31,5
2022-02-01 05:00:00+00:00,11.28,11.485,10.38,62579,11.11,12119420,11.060212,2022,2,1,5
2022-02-02 05:00:00+00:00,10.38,11.41,10.33,59443,11.41,11241050,10.653058,2022,2,2,5
2022-02-03 05:00:00+00:00,9.7,10.46,9.66,56821,9.88,10092071,9.947555,2022,2,3,5
2022-02-04 05:00:00+00:00,10.1,10.36,9.59,50747,9.72,9158509,10.029312,2022,2,4,5
2022-02-07 05:00:00+00:00,10.07,10.685,9.9202,45173,10.11,8845091,10.220771,2022,2,7,5
2022-02-08 05:00:00+00:00,10.0,10.24,9.75,40603,9.97,7493737,9.953904,2022,2,8,5
2022-02-09 05:00:00+00:00,11.07,11.08,10.065,45329,10.2,8775213,10.721872,2022,2,9,5
2022-02-10 05:00:00+00:00,11.09,11.89,10.46,67715,10.75,12132572,11.374799,2022,2,10,5
2022-02-11 05:00:00+00:00,10.71,11.68,10.54,62889,10.89,11173120,11.093602,2022,2,11,5
2022-02-14 05:00:00+00:00,10.31,11.0,10.28,37864,10.56,6414634,10.553638,2022,2,14,5
2022-02-15 05:00:00+00:00,11.22,11.285,10.51,40593,10.635,6386216,10.964283,2022,2,15,5
2022-02-16 05:00:00+00:00,10.79,11.12,10.59,41385,10.99,7661043,10.798869,2022,2,16,5
2022-02-17 05:00:00+00:00,9.71,10.7499,9.64,57943,10.55,10788508,10.01942,2022,2,17,5
2022-02-18 05:00:00+00:00,8.4,9.5,8.32,90373,9.35,18406170,8.708101,2022,2,18,5
2022-02-22 05:00:00+00:00,8.01,8.58,7.95,61648,8.17,12060452,8.17266,2022,2,22,5
2022-02-23 05:00:00+00:00,7.62,8.275,7.57,89887,8.07,18875061,7.802821,2022,2,23,5
2022-02-24 05:00:00+00:00,8.405,8.41,6.21,118485,6.27,23198935,7.592284,2022,2,24,5
2022-02-25 05:00:00+00:00,8.14,8.37,7.74,60689,8.26,12049533,7.996922,2022,2,25,5
2022-02-28 05:00:00+00:00,8.55,8.86,8.0,61662,8.28,11771829,8.458932,2022,2,28,5
2022-03-01 05:00:00+00:00,8.47,8.832,8.23,45529,8.58,8006473,8.492927,2022,3,1,5
2022-03-02 05:00:00+00:00,8.51,8.654,8.1613,41949,8.54,8187016,8.445687,2022,3,2,5
2022-03-03 05:00:00+00:00,7.58,8.6,7.55,55889,8.55,10738420,7.857423,2022,3,3,5
2022-03-04 05:00:00+00:00,7.37,7.77,7.25,51204,7.67,11645082,7.423019,2022,3,4,5
2022-03-07 05:00:00+00:00,7.3,7.72,7.225,59257,7.39,10954863,7.399078,2022,3,7,5
2022-03-08 05:00:00+00:00,7.11,7.2,7.11,149,7.2,216724,7.144233,2022,3,8,5
2022-03-09 05:00:00+00:00,7.55,7.77,7.25,51071,7.31,9996669,7.553057,2022,3,9,5
2022-03-10 05:00:00+00:00,7.06,7.465,6.93,49085,7.36,9876449,7.08178,2022,3,10,5
2022-03-11 05:00:00+00:00,6.6,7.15,6.58,47885,7.09,8901896,6.782235,2022,3,11,5
2022-03-14 04:00:00+00:00,6.17,6.55,6.07,58698,6.46,12132288,6.276797,2022,3,14,4
2022-03-15 04:00:00+00:00,6.48,6.58,6.0098,52808,6.22,10521933,6.374572,2022,3,15,4
2022-03-16 04:00:00+00:00,7.37,7.43,6.6,70769,6.6,17002673,7.195632,2022,3,16,4
2022-03-17 04:00:00+00:00,7.94,7.94,7.07,51621,7.17,10446178,7.652198,2022,3,17,4
2022-03-18 04:00:00+00:00,7.96,8.235,7.72,60475,7.75,15299543,8.005196,2022,3,18,4
2022-03-21 04:00:00+00:00,7.53,7.99,7.46,55166,7.94,11263689,7.631137,2022,3,21,4
2022-03-22 04:00:00+00:00,7.71,8.0,7.35,57716,7.48,13837806,7.758484,2022,3,22,4
2022-03-23 04:00:00+00:00,7.58,7.96,7.425,50278,7.68,10999474,7.695559,2022,3,23,4
2022-03-24 04:00:00+00:00,7.31,7.69,7.14,49508,7.63,10716024,7.30879,2022,3,24,4
2022-03-25 04:00:00+00:00,6.97,7.31,6.85,49689,7.31,12303020,7.007982,2022,3,25,4
2022-03-28 04:00:00+00:00,7.08,7.215,6.79,43953,7.01,11133057,7.027792,2022,3,28,4
2022-03-29 04:00:00+00:00,7.6,7.975,7.0724,111779,7.2,30493782,7.637084,2022,3,29,4
2022-03-30 04:00:00+00:00,7.13,7.99,7.105,62654,7.48,14855745,7.490263,2022,3,30,4
2022-03-31 04:00:00+00:00,6.57,7.15,6.56,69436,7.11,18154058,6.764019,2022,3,31,4
2022-04-01 04:00:00+00:00,6.55,6.72,6.37,52441,6.59,13276024,6.532239,2022,4,1,4
2022-04-04 04:00:00+00:00,7.38,7.68,6.63,67353,6.65,18820454,7.321191,2022,4,4,4
2022-04-05 04:00:00+00:00,6.92,7.3701,6.82,44461,7.3,11346155,7.006561,2022,4,5,4
2022-04-06 04:00:00+00:00,6.21,6.7602,6.05,82483,6.74,21805449,6.236335,2022,4,6,4
2022-04-07 04:00:00+00:00,6.11,6.305,5.8,72191,6.16,17528367,6.007805,2022,4,7,4
2022-04-08 04:00:00+00:00,5.81,6.135,5.8,40696,6.02,10727634,5.949772,2022,4,8,4
2022-04-11 04:00:00+00:00,5.86,5.98,5.485,45104,5.66,10754116,5.806144,2022,4,11,4
2022-04-12 04:00:00+00:00,5.66,6.22,5.64,47029,5.93,13220739,5.882065,2022,4,12,4
2022-04-13 04:00:00+00:00,5.85,5.98,5.56,35978,5.68,10911764,5.85096,2022,4,13,4
2022-04-14 04:00:00+00:00,5.56,5.89,5.55,38095,5.89,9253066,5.642504,2022,4,14,4
2022-04-18 04:00:00+00:00,5.28,5.5528,5.1,48754,5.52,11715486,5.28855,2022,4,18,4
2022-04-19 04:00:00+00:00,5.59,5.72,5.23,43340,5.3,10469715,5.565237,2022,4,19,4
2022-04-20 04:00:00+00:00,5.23,5.4264,5.03,47098,5.4,12340125,5.199164,2022,4,20,4
2022-04-21 04:00:00+00:00,4.73,5.435,4.67,53974,5.34,14227329,4.897643,2022,4,21,4
2022-04-22 04:00:00+00:00,4.55,4.82,4.385,47638,4.73,12324283,4.562688,2022,4,22,4
2022-04-25 04:00:00+00:00,4.45,4.61,4.35,49522,4.48,13995910,4.450641,2022,4,25,4
2022-04-26 04:00:00+00:00,4.12,4.46,4.11,42465,4.42,12046385,4.216509,2022,4,26,4
2022-04-27 04:00:00+00:00,3.95,4.225,3.89,52150,4.12,15663314,4.00766,2022,4,27,4
2022-04-28 04:00:00+00:00,4.07,4.16,3.75,51232,4.01,15070140,3.974562,2022,4,28,4
2022-04-29 04:00:00+00:00,3.79,4.1899,3.79,46250,4.05,14820946,3.934778,2022,4,29,4
2022-05-02 04:00:00+00:00,4.26,4.26,3.68,48843,3.79,17878513,4.064916,2022,5,2,4
2022-05-03 04:00:00+00:00,4.23,4.39,4.1,39643,4.16,13415791,4.22163,2022,5,3,4
2022-05-04 04:00:00+00:00,4.57,4.59,3.91,48967,4.18,16711419,4.215017,2022,5,4,4
2022-05-05 04:00:00+00:00,4.12,4.5,3.95,65018,4.5,19803150,4.085819,2022,5,5,4
2022-05-06 04:00:00+00:00,3.25,3.54,2.87,103159,3.1,37093407,3.228602,2022,5,6,4
2022-05-09 04:00:00+00:00,2.91,3.2,2.82,69685,3.13,21104777,2.939523,2022,5,9,4
2022-05-10 04:00:00+00:00,3.35,3.56,2.87,67652,3.07,24799571,3.211749,2022,5,10,4
2022-05-11 04:00:00+00:00,2.9,3.48,2.89,59959,3.25,22810976,3.117368,2022,5,11,4
2022-05-12 04:00:00+00:00,3.1,3.26,2.76,64220,2.94,19758210,3.045619,2022,5,12,4
2022-05-13 04:00:00+00:00,3.51,3.67,3.2,69146,3.23,24938368,3.497458,2022,5,13,4
2022-05-16 04:00:00+00:00,3.26,3.635,3.25,47646,3.44,18666742,3.446045,2022,5,16,4
2022-05-17 04:00:00+00:00,3.38,3.488,3.21,42624,3.38,13920432,3.339823,2022,5,17,4
2022-05-18 04:00:00+00:00,3.23,3.54,3.18,40228,3.33,12728932,3.31748,2022,5,18,4
2022-05-19 04:00:00+00:00,3.23,3.43,3.15,42549,3.24,12825859,3.298802,2022,5,19,4
2022-05-20 04:00:00+00:00,3.17,3.35,3.0,41260,3.33,14449474,3.114105,2022,5,20,4
2022-05-23 04:00:00+00:00,3.23,3.25,2.96,30572,3.17,10576442,3.127424,2022,5,23,4
2022-05-24 04:00:00+00:00,2.99,3.15,2.89,29646,3.15,10362293,2.977731,2022,5,24,4
2022-05-25 04:00:00+00:00,3.19,3.23,2.93,28019,2.95,7937970,3.115215,2022,5,25,4
2022-05-26 04:00:00+00:00,3.21,3.365,3.12,28315,3.17,10794654,3.263317,2022,5,26,4
2022-05-27 04:00:00+00:00,3.51,3.555,3.25,36564,3.27,12281526,3.461203,2022,5,27,4
2022-05-31 04:00:00+00:00,3.29,3.64,3.2,42584,3.62,18263301,3.328961,2022,5,31,4
2022-06-01 04:00:00+00:00,3.14,3.415,3.05,36471,3.27,14430258,3.161421,2022,6,1,4
2022-06-02 04:00:00+00:00,3.48,3.64,3.13,44869,3.15,15299290,3.486551,2022,6,2,4
2022-06-03 04:00:00+00:00,3.34,3.51,3.28,26508,3.36,8251602,3.362325,2022,6,3,4
2022-06-06 04:00:00+00:00,3.3,3.52,3.27,32786,3.47,10515334,3.371107,2022,6,6,4
2022-06-07 04:00:00+00:00,3.29,3.36,3.15,19306,3.2,5928540,3.264218,2022,6,7,4
2022-06-08 04:00:00+00:00,3.29,3.455,3.26,26509,3.29,8375397,3.338507,2022,6,8,4
2022-06-09 04:00:00+00:00,3.1,3.3,3.06,28394,3.26,10594098,3.133813,2022,6,9,4
2022-06-10 04:00:00+00:00,2.96,3.04,2.865,33880,3.0,12140771,2.933653,2022,6,10,4
2022-06-13 04:00:00+00:00,2.69,2.91,2.67,32254,2.81,11431480,2.737594,2022,6,13,4
2022-06-14 04:00:00+00:00,2.72,2.825,2.6,28272,2.72,11372721,2.734984,2022,6,14,4
2022-06-15 04:00:00+00:00,2.79,2.91,2.7,37312,2.78,16082741,2.810807,2022,6,15,4
2022-06-16 04:00:00+00:00,2.56,2.67,2.49,30806,2.66,14338027,2.557256,2022,6,16,4
2022-06-17 04:00:00+00:00,2.82,2.83,2.58,32896,2.59,20881767,2.766206,2022,6,17,4
2022-06-21 04:00:00+00:00,2.71,2.92,2.7,32071,2.89,14426994,2.818484,2022,6,21,4
2022-06-22 04:00:00+00:00,2.7,2.91,2.62,22510,2.63,10583036,2.778563,2022,6,22,4
2022-06-23 04:00:00+00:00,2.86,2.93,2.71,29139,2.76,13134604,2.839391,2022,6,23,4
2022-06-24 04:00:00+00:00,2.95,3.08,2.86,30086,2.93,21591214,2.955655,2022,6,24,4
2022-06-27 04:00:00+00:00,2.82,3.02,2.73,23347,3.02,7960980,2.839456,2022,6,27,4
2022-06-28 04:00:00+00:00,2.61,2.87,2.57,27923,2.84,9772896,2.67714,2022,6,28,4
2022-06-29 04:00:00+00:00,2.58,2.6,2.48,23358,2.59,9680038,2.521738,2022,6,29,4
2022-06-30 04:00:00+00:00,2.47,2.55,2.34,25246,2.49,10467041,2.466214,2022,6,30,4
2022-07-01 04:00:00+00:00,2.47,2.6572,2.44,21459,2.45,8483547,2.50489,2022,7,1,4
2022-07-05 04:00:00+00:00,2.67,2.67,2.318,26900,2.4,9498381,2.553941,2022,7,5,4
2022-07-06 04:00:00+00:00,2.52,2.81,2.52,18660,2.66,7406292,2.598775,2022,7,6,4
2022-07-07 04:00:00+00:00,2.85,2.86,2.49,26157,2.55,11002793,2.743266,2022,7,7,4
2022-07-08 04:00:00+00:00,2.82,2.97,2.74,21447,2.77,7983206,2.861722,2022,7,8,4
2022-07-11 04:00:00+00:00,2.56,2.77,2.51,26862,2.76,9299045,2.559122,2022,7,11,4
2022-07-12 04:00:00+00:00,2.61,2.61,2.45,22139,2.59,9587753,2.540316,2022,7,12,4
2022-07-13 04:00:00+00:00,2.57,2.65,2.42,20680,2.52,7364456,2.555146,2022,7,13,4
2022-07-14 04:00:00+00:00,2.47,2.56,2.415,21640,2.52,7539031,2.478263,2022,7,14,4
2022-07-15 04:00:00+00:00,2.51,2.557,2.39,22207,2.53,9837046,2.47335,2022,7,15,4
2022-07-18 04:00:00+00:00,2.52,2.675,2.51,23897,2.56,8696183,2.58578,2022,7,18,4
2022-07-19 04:00:00+00:00,2.74,2.805,2.545,28827,2.6,10627459,2.727432,2022,7,19,4
2022-07-20 04:00:00+00:00,2.86,3.08,2.74,31264,2.74,15308521,2.930899,2022,7,20,4
2022-07-21 04:00:00+00:00,2.79,2.86,2.73,23981,2.8,10823944,2.79185,2022,7,21,4
2022-07-22 04:00:00+00:00,2.56,2.865,2.55,23982,2.73,9314701,2.639862,2022,7,22,4
2022-07-25 04:00:00+00:00,2.49,2.57,2.42,21931,2.56,11784008,2.483415,2022,7,25,4
2022-07-26 04:00:00+00:00,2.37,2.47,2.35,18194,2.46,8450357,2.386703,2022,7,26,4
2022-07-27 04:00:00+00:00,2.48,2.5,2.37,16767,2.44,8088414,2.432197,2022,7,27,4
2022-07-28 04:00:00+00:00,2.55,2.55,2.38,15651,2.42,7953027,2.482372,2022,7,28,4
2022-07-29 04:00:00+00:00,2.51,2.51,2.39,17412,2.45,7337433,2.474512,2022,7,29,4
2022-08-01 04:00:00+00:00,2.5,2.59,2.4245,20815,2.49,7034190,2.518752,2022,8,1,4
2022-08-02 04:00:00+00:00,2.68,2.73,2.46,30479,2.46,17072228,2.660354,2022,8,2,4
2022-08-03 04:00:00+00:00,2.92,2.98,2.75,36394,2.76,13433307,2.883344,2022,8,3,4
2022-08-04 04:00:00+00:00,2.97,3.0,2.84,42204,2.94,17211544,2.935328,2022,8,4,4
2022-08-05 04:00:00+00:00,3.47,3.74,2.93,97551,3.29,39322673,3.458586,2022,8,5,4
2022-08-08 04:00:00+00:00,3.93,4.04,3.51,83086,3.58,31671755,3.852894,2022,8,8,4
2022-08-09 04:00:00+00:00,3.62,3.84,3.51,36331,3.79,12347187,3.63865,2022,8,9,4
2022-08-10 04:00:00+00:00,3.84,3.89,3.65,28903,3.79,11261950,3.774576,2022,8,10,4
2022-08-11 04:00:00+00:00,4.42,4.6,3.91,75979,3.98,26280416,4.345333,2022,8,11,4
2022-08-12 04:00:00+00:00,4.35,4.55,4.11,49753,4.54,17609364,4.282527,2022,8,12,4
2022-08-15 04:00:00+00:00,4.38,4.52,4.2,38269,4.24,12314148,4.352985,2022,8,15,4
2022-08-16 04:00:00+00:00,6.35,8.1399,4.32,498958,4.36,168817740,6.277094,2022,8,16,4
2022-08-17 04:00:00+00:00,5.36,6.9,5.2344,223907,6.83,78676139,5.831786,2022,8,17,4
2022-08-18 04:00:00+00:00,4.77,5.4,4.7137,79079,5.4,26334720,4.98244,2022,8,18,4
2022-08-19 04:00:00+00:00,4.35,4.66,4.17,60140,4.54,19015443,4.344522,2022,8,19,4
2022-08-22 04:00:00+00:00,4.08,4.22,3.91,40246,4.1,12267344,4.077766,2022,8,22,4
2022-08-23 04:00:00+00:00,3.97,4.29,3.91,41389,4.23,12003526,4.055717,2022,8,23,4
2022-08-24 04:00:00+00:00,4.0,4.2881,3.93,37583,4.02,14615336,4.121243,2022,8,24,4
2022-08-25 04:00:00+00:00,3.89,4.145,3.84,32583,4.03,13034021,3.95669,2022,8,25,4
2022-08-26 04:00:00+00:00,3.64,3.9799,3.59,37260,3.88,11746851,3.728346,2022,8,26,4
2022-08-29 04:00:00+00:00,3.65,3.82,3.52,30355,3.54,10054499,3.68165,2022,8,29,4
2022-08-30 04:00:00+00:00,3.54,3.8,3.43,28555,3.71,9652839,3.564283,2022,8,30,4
2022-08-31 04:00:00+00:00,3.62,3.675,3.5,22756,3.61,10387244,3.588429,2022,8,31,4
2022-09-01 04:00:00+00:00,3.52,3.59,3.39,25276,3.59,10956366,3.468021,2022,9,1,4
2022-09-02 04:00:00+00:00,3.38,3.59,3.32,25533,3.59,9276318,3.412153,2022,9,2,4
2022-09-06 04:00:00+00:00,3.63,3.655,3.26,35528,3.47,13487065,3.488569,2022,9,6,4
2022-09-07 04:00:00+00:00,3.7,3.8,3.45,31995,3.57,13226743,3.617147,2022,9,7,4
2022-09-08 04:00:00+00:00,3.85,3.975,3.53,32877,3.57,12296851,3.826636,2022,9,8,4
2022-09-09 04:00:00+00:00,4.43,4.46,3.89,45030,3.9,14566136,4.207196,2022,9,9,4
2022-09-12 04:00:00+00:00,4.82,5.0099,4.47,66614,4.5,22595164,4.753028,2022,9,12,4
2022-09-13 04:00:00+00:00,4.61,4.7561,4.36,52596,4.49,19649214,4.562683,2022,9,13,4
2022-09-14 04:00:00+00:00,5.12,5.1599,4.4,57818,4.64,21599090,4.886069,2022,9,14,4
2022-09-15 04:00:00+00:00,5.01,5.24,4.81,50474,5.0,18546708,5.013464,2022,9,15,4
2022-09-16 04:00:00+00:00,4.46,4.86,4.43,34614,4.84,13258491,4.575281,2022,9,16,4
2022-09-19 04:00:00+00:00,4.75,4.81,4.33,28089,4.35,10275426,4.6032,2022,9,19,4
2022-09-20 04:00:00+00:00,4.31,4.67,4.27,29827,4.62,10137720,4.446337,2022,9,20,4
2022-09-21 04:00:00+00:00,4.37,4.64,4.21,31131,4.33,10895438,4.415568,2022,9,21,4
2022-09-22 04:00:00+00:00,3.92,4.37,3.91,30690,4.32,10583414,4.048835,2022,9,22,4
2022-09-23 04:00:00+00:00,4.23,4.34,3.98,47447,4.09,17089963,4.141347,2022,9,23,4
2022-09-26 04:00:00+00:00,3.78,4.35,3.78,39257,4.15,14344921,4.030291,2022,9,26,4
2022-09-27 04:00:00+00:00,3.8,4.1,3.78,24870,3.96,10701337,3.909759,2022,9,27,4
2022-09-28 04:00:00+00:00,3.96,4.04,3.75,26554,3.86,11215603,3.924226,2022,9,28,4
2022-09-29 04:00:00+00:00,3.69,3.935,3.65,22540,3.86,8220693,3.723885,2022,9,29,4
2022-09-30 04:00:00+00:00,3.55,3.77,3.54,26301,3.64,8613168,3.646441,2022,9,30,4
2022-10-03 04:00:00+00:00,3.79,3.8499,3.52,29945,3.65,9650436,3.71847,2022,10,3,4
2022-10-04 04:00:00+00:00,4.13,4.165,3.97,28799,3.97,11024274,4.081214,2022,10,4,4
2022-10-05 04:00:00+00:00,3.96,4.06,3.82,22904,4.0,7714021,3.927338,2022,10,5,4
2022-10-06 04:00:00+00:00,4.0,4.21,3.88,21514,3.96,8417468,4.019151,2022,10,6,4
2022-10-07 04:00:00+00:00,3.79,3.94,3.72,25917,3.9,9266918,3.793532,2022,10,7,4
2022-10-10 04:00:00+00:00,3.73,3.81,3.63,23435,3.75,7054119,3.722997,2022,10,10,4
2022-10-11 04:00:00+00:00,3.65,3.77,3.48,27348,3.65,9506525,3.626535,2022,10,11,4
2022-10-12 04:00:00+00:00,3.85,3.9,3.61,27575,3.63,8778188,3.797682,2022,10,12,4
2022-10-13 04:00:00+00:00,4.09,4.38,3.56,49240,3.71,18458531,4.048476,2022,10,13,4
2022-10-14 04:00:00+00:00,3.81,4.27,3.8,22760,4.11,7456022,3.973393,2022,10,14,4
2022-10-17 04:00:00+00:00,4.05,4.16,3.99,34195,4.09,11446823,4.070201,2022,10,17,4
2022-10-18 04:00:00+00:00,4.12,4.73,4.075,72835,4.61,24815320,4.309982,2022,10,18,4
2022-10-19 04:00:00+00:00,3.83,4.14,3.73,46620,4.14,16388157,3.860146,2022,10,19,4
2022-10-20 04:00:00+00:00,3.63,3.94,3.59,33115,3.75,10725778,3.756126,2022,10,20,4
2022-10-21 04:00:00+00:00,3.68,3.69,3.44,30914,3.56,9872080,3.558748,2022,10,21,4
2022-10-24 04:00:00+00:00,3.48,3.69,3.36,29924,3.67,11557918,3.44433,2022,10,24,4
2022-10-25 04:00:00+00:00,3.75,3.785,3.471,34197,3.5,13655013,3.669841,2022,10,25,4
2022-10-26 04:00:00+00:00,3.69,3.945,3.6,33295,3.65,12020015,3.778823,2022,10,26,4
2022-10-27 04:00:00+00:00,3.62,3.835,3.61,22370,3.72,8056022,3.688965,2022,10,27,4
2022-10-28 04:00:00+00:00,3.62,3.64,3.45,31751,3.62,10931384,3.55342,2022,10,28,4
2022-10-31 04:00:00+00:00,3.66,3.7698,3.57,25462,3.66,9442832,3.673004,2022,10,31,4
2022-11-01 04:00:00+00:00,3.55,3.9,3.525,26494,3.78,10146068,3.674003,2022,11,1,4
2022-11-02 04:00:00+00:00,3.46,3.69,3.44,28070,3.52,10906598,3.52394,2022,11,2,4
2022-11-03 04:00:00+00:00,3.39,3.4427,3.21,32684,3.39,11439795,3.348194,2022,11,3,4
2022-11-04 04:00:00+00:00,3.39,3.56,3.22,37706,3.49,12553471,3.355046,2022,11,4,4
2022-11-07 05:00:00+00:00,3.51,3.56,3.36,28075,3.4,9488994,3.481452,2022,11,7,5
2022-11-08 05:00:00+00:00,3.42,3.69,3.3626,26781,3.54,8932219,3.505363,2022,11,8,5
2022-11-09 05:00:00+00:00,2.87,3.355,2.85,35721,3.35,15060711,3.039671,2022,11,9,5
2022-11-10 05:00:00+00:00,3.22,3.26,3.04,25558,3.1,10096514,3.165624,2022,11,10,5
2022-11-11 05:00:00+00:00,3.59,3.66,3.16,45226,3.18,16407054,3.502972,2022,11,11,5
2022-11-14 05:00:00+00:00,3.48,3.64,3.415,24487,3.52,8227653,3.525973,2022,11,14,5
2022-11-15 05:00:00+00:00,3.68,3.875,3.59,42247,3.67,16287371,3.748547,2022,11,15,5
2022-11-16 05:00:00+00:00,3.21,3.57,3.15,39238,3.57,15007104,3.294825,2022,11,16,5
2022-11-17 05:00:00+00:00,3.05,3.14,3.01,32161,3.09,10714870,3.063191,2022,11,17,5
2022-11-18 05:00:00+00:00,2.93,3.13,2.92,27824,3.13,10344315,2.977062,2022,11,18,5
2022-11-21 05:00:00+00:00,2.79,2.895,2.69,28402,2.89,8987309,2.768934,2022,11,21,5
2022-11-22 05:00:00+00:00,2.71,2.82,2.6901,17259,2.76,5989285,2.746094,2022,11,22,5
2022-11-23 05:00:00+00:00,2.79,2.83,2.69,17742,2.75,6670395,2.780347,2022,11,23,5
2022-11-25 05:00:00+00:00,2.7,2.8,2.66,10760,2.79,4004940,2.709439,2022,11,25,5
2022-11-28 05:00:00+00:00,2.57,2.745,2.535,25444,2.65,8550305,2.616207,2022,11,28,5
2022-11-29 05:00:00+00:00,2.65,2.77,2.595,20649,2.6,7973475,2.677954,2022,11,29,5
2022-11-30 05:00:00+00:00,2.79,2.86,2.6401,24165,2.69,8950199,2.746439,2022,11,30,5
2022-12-01 05:00:00+00:00,2.85,2.945,2.76,25640,2.81,9159669,2.863929,2022,12,1,5
2022-12-02 05:00:00+00:00,2.83,2.87,2.71,24403,2.75,8336758,2.804421,2022,12,2,5
2022-12-05 05:00:00+00:00,2.76,3.05,2.72,32689,2.8,10562133,2.867515,2022,12,5,5
2022-12-06 05:00:00+00:00,2.58,2.762,2.54,24029,2.76,8233742,2.603903,2022,12,6,5
2022-12-07 05:00:00+00:00,2.39,2.57,2.38,25877,2.55,9827854,2.442205,2022,12,7,5
2022-12-08 05:00:00+00:00,2.44,2.55,2.355,20848,2.42,7093055,2.455894,2022,12,8,5
2022-12-09 05:00:00+00:00,2.43,2.51,2.39,13352,2.4,4682128,2.466591,2022,12,9,5
2022-12-12 05:00:00+00:00,2.47,2.49,2.335,16887,2.4,6426711,2.414545,2022,12,12,5
2022-12-13 05:00:00+00:00,2.37,2.68,2.33,26666,2.65,9543695,2.445306,2022,12,13,5
2022-12-14 05:00:00+00:00,2.33,2.41,2.265,22045,2.37,8993599,2.346349,2022,12,14,5
2022-12-15 05:00:00+00:00,2.17,2.27,2.14,25407,2.26,10757533,2.187985,2022,12,15,5
2022-12-16 05:00:00+00:00,2.2,2.2,2.13,16179,2.16,7381329,2.176758,2022,12,16,5
2022-12-19 05:00:00+00:00,2.07,2.2,2.05,20131,2.2,7013022,2.101351,2022,12,19,5
2022-12-20 05:00:00+00:00,2.1,2.15,2.0,17459,2.05,6065419,2.088206,2022,12,20,5
2022-12-21 05:00:00+00:00,2.07,2.17,2.05,16413,2.12,6950208,2.106747,2022,12,21,5
2022-12-22 05:00:00+00:00,1.94,2.02,1.86,25851,2.01,9411526,1.91347,2022,12,22,5
2022-12-23 05:00:00+00:00,1.87,1.93,1.86,13260,1.91,4434508,1.878374,2022,12,23,5
2022-12-27 05:00:00+00:00,1.7,1.87,1.68,18438,1.87,8811192,1.746364,2022,12,27,5
2022-12-28 05:00:00+00:00,1.65,1.721,1.61,19486,1.67,8373074,1.646251,2022,12,28,5
2022-12-29 05:00:00+00:00,1.7,1.85,1.67,25046,1.69,10107647,1.757466,2022,12,29,5
2022-12-30 05:00:00+00:00,1.74,1.81,1.64,22659,1.68,9855782,1.730105,2022,12,30,5
2023-01-03 05:00:00+00:00,1.68,1.89,1.61,28602,1.77,11704423,1.701885,2023,1,3,5
2023-01-04 05:00:00+00:00,1.77,1.81,1.7,19538,1.73,7080054,1.766745,2023,1,4,5
2023-01-05 05:00:00+00:00,1.73,1.76,1.66,13902,1.75,5019339,1.720398,2023,1,5,5
2023-01-06 05:00:00+00:00,1.75,1.78,1.67,23307,1.78,6576352,1.739186,2023,1,6,5
2023-01-09 05:00:00+00:00,1.84,2.05,1.77,30022,1.77,13164111,1.910604,2023,1,9,5
2023-01-10 05:00:00+00:00,1.83,1.87,1.7,20098,1.84,9346061,1.78483,2023,1,10,5
2023-01-11 05:00:00+00:00,1.89,1.995,1.825,20210,1.86,9661434,1.914948,2023,1,11,5
2023-01-12 05:00:00+00:00,2.09,2.12,1.81,28884,1.91,13622405,1.971436,2023,1,12,5
2023-01-13 05:00:00+00:00,2.19,2.27,1.95,35088,1.96,14434189,2.142611,2023,1,13,5
2023-01-17 05:00:00+00:00,2.25,2.31,2.1,29580,2.29,14109611,2.208763,2023,1,17,5
2023-01-18 05:00:00+00:00,2.17,2.4,2.11,28889,2.28,14717963,2.212415,2023,1,18,5
2023-01-19 05:00:00+00:00,1.97,2.13,1.93,36658,2.04,16377375,1.98907,2023,1,19,5
2023-01-20 05:00:00+00:00,2.23,2.23,2.0,31036,2.02,12578516,2.132277,2023,1,20,5
2023-01-23 05:00:00+00:00,2.33,2.37,2.16,24836,2.26,11639287,2.30809,2023,1,23,5
2023-01-24 05:00:00+00:00,2.26,2.43,2.225,16200,2.29,6139650,2.30369,2023,1,24,5
2023-01-25 05:00:00+00:00,2.27,2.29,2.09,16970,2.19,7159720,2.190684,2023,1,25,5
2023-01-26 05:00:00+00:00,2.36,2.415,2.24,16222,2.37,9658539,2.322203,2023,1,26,5
2023-01-27 05:00:00+00:00,2.42,2.5,2.24,25779,2.34,11914262,2.386418,2023,1,27,5
2023-01-30 05:00:00+00:00,2.4,2.61,2.33,27900,2.36,13417425,2.447982,2023,1,30,5
2023-01-31 05:00:00+00:00,2.57,2.62,2.3715,25125,2.42,11239590,2.532016,2023,1,31,5
2023-02-01 05:00:00+00:00,2.82,2.85,2.51,31226,2.58,13473042,2.700617,2023,2,1,5
2023-02-02 05:00:00+00:00,3.04,3.2599,2.89,55517,3.01,25852453,3.067398,2023,2,2,5
2023-02-03 05:00:00+00:00,2.93,3.08,2.83,28982,2.88,11843432,2.977859,2023,2,3,5
2023-02-06 05:00:00+00:00,2.94,3.03,2.79,25020,2.93,9471167,2.906723,2023,2,6,5
2023-02-07 05:00:00+00:00,2.71,2.91,2.48,40655,2.91,20345052,2.632795,2023,2,7,5
2023-02-08 05:00:00+00:00,2.49,2.755,2.48,23364,2.66,8228432,2.57093,2023,2,8,5
2023-02-09 05:00:00+00:00,2.23,2.54,2.22,30298,2.54,11585282,2.314769,2023,2,9,5
2023-02-10 05:00:00+00:00,2.1,2.19,2.03,27385,2.19,10891208,2.095971,2023,2,10,5
2023-02-13 05:00:00+00:00,2.07,2.15,2.02,18871,2.1,6697356,2.075481,2023,2,13,5
2023-02-14 05:00:00+00:00,2.15,2.21,2.03,19926,2.08,9760091,2.111262,2023,2,14,5
2023-02-15 05:00:00+00:00,2.41,2.4264,2.13,25043,2.13,10845607,2.329603,2023,2,15,5
2023-02-16 05:00:00+00:00,2.38,2.5099,2.3,21248,2.35,10641391,2.410642,2023,2,16,5
2023-02-17 05:00:00+00:00,2.36,2.42,2.22,19453,2.35,8376785,2.303237,2023,2,17,5
2023-02-21 05:00:00+00:00,2.27,2.39,2.23,17174,2.33,6751087,2.276182,2023,2,21,5
2023-02-22 05:00:00+00:00,2.3,2.36,2.19,17806,2.27,7444365,2.271154,2023,2,22,5
2023-02-23 05:00:00+00:00,2.31,2.36,2.21,21340,2.35,8404256,2.28153,2023,2,23,5
2023-02-24 05:00:00+00:00,2.32,2.32,2.15,22157,2.23,8163398,2.267074,2023,2,24,5
2023-02-27 05:00:00+00:00,2.0,2.09,1.89,88828,1.9204,46267555,1.997955,2023,2,27,5
2023-02-28 05:00:00+00:00,1.91,2.05,1.9,32037,1.99,15687295,1.95048,2023,2,28,5
2023-03-01 05:00:00+00:00,1.8,1.93,1.8,25788,1.9,13329738,1.859148,2023,3,1,5
2023-03-02 05:00:00+00:00,1.7,1.77,1.61,35474,1.77,19863094,1.683147,2023,3,2,5
2023-03-03 05:00:00+00:00,1.69,1.77,1.68,18109,1.74,12262432,1.71922,2023,3,3,5
2023-03-06 05:00:00+00:00,1.7,1.75,1.66,26540,1.73,13204413,1.698072,2023,3,6,5
2023-03-07 05:00:00+00:00,1.7,1.76,1.65,21392,1.68,10909962,1.697119,2023,3,7,5
2023-03-08 05:00:00+00:00,1.68,1.71,1.65,15734,1.69,6610650,1.677687,2023,3,8,5
2023-03-09 05:00:00+00:00,1.5,1.6984,1.5,27150,1.69,16677619,1.570358,2023,3,9,5
2023-03-10 05:00:00+00:00,1.37,1.54,1.35,32641,1.54,16944577,1.405556,2023,3,10,5
2023-03-13 04:00:00+00:00,1.3,1.3772,1.2701,28118,1.34,10431151,1.325597,2023,3,13,4
2023-03-14 04:00:00+00:00,1.25,1.38,1.25,26428,1.36,11423218,1.283171,2023,3,14,4
2023-03-15 04:00:00+00:00,1.21,1.25,1.17,34287,1.23,14074038,1.199417,2023,3,15,4
2023-03-16 04:00:00+00:00,1.21,1.25,1.16,30608,1.19,12012401,1.216366,2023,3,16,4
2023-03-17 04:00:00+00:00,1.1,1.2,1.1,28950,1.2,16438193,1.132321,2023,3,17,4
2023-03-20 04:00:00+00:00,1.1,1.16,0.96,46146,1.09,28975390,1.052419,2023,3,20,4
2023-03-21 04:00:00+00:00,1.26,1.29,1.12,26003,1.15,18327306,1.227007,2023,3,21,4
2023-03-22 04:00:00+00:00,1.16,1.3,1.15,27105,1.29,16117518,1.210068,2023,3,22,4
2023-03-23 04:00:00+00:00,1.04,1.247,1.04,33085,1.24,20411678,1.124444,2023,3,23,4
2023-03-24 04:00:00+00:00,1.12,1.1895,1.06,24573,1.09,14790911,1.127025,2023,3,24,4
2023-03-27 04:00:00+00:00,1.1,1.1599,1.06,27370,1.15,15378075,1.111853,2023,3,27,4
2023-03-28 04:00:00+00:00,1.04,1.13,1.03,23823,1.1,12104680,1.07332,2023,3,28,4
2023-03-29 04:00:00+00:00,1.11,1.12,1.04,21583,1.06,13576938,1.082302,2023,3,29,4
2023-03-30 04:00:00+00:00,1.05,1.15,1.04,20293,1.13,12206589,1.067609,2023,3,30,4
2023-03-31 04:00:00+00:00,1.21,1.25,1.03,34331,1.07,29006520,1.125448,2023,3,31,4
2023-04-03 04:00:00+00:00,1.14,1.23,1.06,18735,1.2,12736224,1.143918,2023,4,3,4
2023-04-04 04:00:00+00:00,1.13,1.16,1.08,11959,1.15,7306223,1.110177,2023,4,4,4
2023-04-05 04:00:00+00:00,1.11,1.12,1.03,15901,1.12,10090627,1.078563,2023,4,5,4
2023-04-06 04:00:00+00:00,1.1,1.15,1.07,13382,1.1,8369279,1.11395,2023,4,6,4
2023-04-10 04:00:00+00:00,1.17,1.18,1.08,15195,1.1,9106780,1.149765,2023,4,10,4
2023-04-11 04:00:00+00:00,1.26,1.28,1.1728,18179,1.19,10611351,1.241068,2023,4,11,4
2023-04-12 04:00:00+00:00,1.15,1.31,1.13,20164,1.29,13856913,1.18487,2023,4,12,4
2023-04-13 04:00:00+00:00,1.24,1.28,1.1501,15894,1.16,11782016,1.236372,2023,4,13,4
2023-04-14 04:00:00+00:00,1.22,1.28,1.2,12793,1.23,6783744,1.237888,2023,4,14,4
2023-04-17 04:00:00+00:00,1.25,1.27,1.18,10592,1.2,6075759,1.236099,2023,4,17,4
2023-04-18 04:00:00+00:00,1.26,1.28,1.21,11959,1.24,8373970,1.240807,2023,4,18,4
2023-04-19 04:00:00+00:00,1.21,1.24,1.18,11524,1.24,6424046,1.210814,2023,4,19,4
2023-04-20 04:00:00+00:00,1.12,1.2,1.1,17482,1.19,11500977,1.147107,2023,4,20,4
2023-04-21 04:00:00+00:00,1.16,1.17,1.1,13263,1.11,8477302,1.135785,2023,4,21,4
2023-04-24 04:00:00+00:00,1.14,1.17,1.1,13107,1.14,6453595,1.13234,2023,4,24,4
2023-04-25 04:00:00+00:00,1.06,1.125,1.05,16807,1.12,9908160,1.068531,2023,4,25,4
2023-04-26 04:00:00+00:00,1.04,1.11,1.03,13714,1.1,8678700,1.066976,2023,4,26,4
2023-04-27 04:00:00+00:00,1.09,1.13,1.05,17054,1.05,11316727,1.096312,2023,4,27,4
2023-04-28 04:00:00+00:00,1.14,1.18,1.07,14961,1.1,9899790,1.135517,2023,4,28,4
2023-05-01 04:00:00+00:00,1.25,1.3,1.12,23688,1.17,18453363,1.230157,2023,5,1,4
2023-05-02 04:00:00+00:00,1.16,1.26,1.15,24885,1.24,17267103,1.182544,2023,5,2,4
2023-05-03 04:00:00+00:00,1.16,1.2,1.15,15425,1.17,8901835,1.171675,2023,5,3,4
2023-05-04 04:00:00+00:00,1.12,1.18,1.08,24643,1.18,9314158,1.112839,2023,5,4,4
2023-05-05 04:00:00+00:00,1.47,1.6399,1.35,97411,1.36,58522108,1.50173,2023,5,5,4
2023-05-08 04:00:00+00:00,1.86,1.89,1.56,74297,1.59,48135835,1.76617,2023,5,8,4
2023-05-09 04:00:00+00:00,2.02,2.06,1.675,58346,1.76,39403409,1.928775,2023,5,9,4
2023-05-10 04:00:00+00:00,1.85,2.13,1.82,49212,2.13,32516156,1.926501,2023,5,10,4
2023-05-11 04:00:00+00:00,1.8,1.95,1.76,27199,1.76,14015953,1.822859,2023,5,11,4
2023-05-12 04:00:00+00:00,1.72,1.86,1.68,25176,1.86,13083246,1.738328,2023,5,12,4
2023-05-15 04:00:00+00:00,1.94,1.97,1.655,23257,1.72,13631252,1.875698,2023,5,15,4
2023-05-16 04:00:00+00:00,1.75,1.9395,1.74,16912,1.9,9093090,1.810566,2023,5,16,4
2023-05-17 04:00:00+00:00,1.92,1.95,1.75,16798,1.77,10699420,1.89622,2023,5,17,4
2023-05-18 04:00:00+00:00,1.84,1.985,1.78,17941,1.9,11266595,1.86704,2023,5,18,4
2023-05-19 04:00:00+00:00,1.78,1.87,1.76,12956,1.87,7234318,1.792188,2023,5,19,4
2023-05-22 04:00:00+00:00,1.87,1.89,1.75,18429,1.8,9681135,1.843954,2023,5,22,4
2023-05-23 04:00:00+00:00,1.73,2.03,1.72,28837,1.85,21809785,1.864684,2023,5,23,4
2023-05-24 04:00:00+00:00,1.69,1.78,1.65,20853,1.73,11745583,1.69958,2023,5,24,4
2023-05-25 04:00:00+00:00,1.59,1.728,1.55,21985,1.72,11076022,1.616947,2023,5,25,4
2023-05-26 04:00:00+00:00,1.61,1.66,1.58,13797,1.6,7632192,1.626338,2023,5,26,4
2023-05-30 04:00:00+00:00,1.67,1.73,1.63,21248,1.66,10852195,1.677746,2023,5,30,4
2023-05-31 04:00:00+00:00,1.55,1.65,1.55,17638,1.62,12581181,1.573225,2023,5,31,4
2023-06-01 04:00:00+00:00,1.6,1.66,1.49,16720,1.55,10600832,1.585257,2023,6,1,4
2023-06-02 04:00:00+00:00,1.68,1.71,1.62,16937,1.65,9818199,1.668751,2023,6,2,4
2023-06-05 04:00:00+00:00,1.75,1.8,1.645,21550,1.66,10659261,1.725482,2023,6,5,4
2023-06-06 04:00:00+00:00,1.85,1.91,1.73,24982,1.76,12703617,1.8454,2023,6,6,4
2023-06-07 04:00:00+00:00,1.86,1.98,1.85,23557,1.89,13291851,1.909325,2023,6,7,4
2023-06-08 04:00:00+00:00,1.84,1.92,1.805,17067,1.87,7688087,1.849555,2023,6,8,4
2023-06-09 04:00:00+00:00,1.8,1.98,1.77,18299,1.85,11230566,1.866339,2023,6,9,4
2023-06-12 04:00:00+00:00,1.91,1.95,1.82,24099,1.865,12484731,1.905686,2023,6,12,4
2023-06-13 04:00:00+00:00,2.21,2.22,1.92,37924,1.98,21332565,2.111987,2023,6,13,4
2023-06-14 04:00:00+00:00,2.12,2.3,2.05,34158,2.21,20166454,2.167259,2023,6,14,4
2023-06-15 04:00:00+00:00,2.2,2.265,2.09,22892,2.12,13703524,2.192668,2023,6,15,4
2023-06-16 04:00:00+00:00,2.09,2.27,2.06,23913,2.27,17753374,2.11364,2023,6,16,4
2023-06-20 04:00:00+00:00,2.01,2.0989,1.95,20002,2.08,10917089,2.007082,2023,6,20,4
2023-06-21 04:00:00+00:00,1.97,2.01,1.9,16524,2.0,8849303,1.948246,2023,6,21,4
2023-06-22 04:00:00+00:00,1.93,1.97,1.89,13051,1.94,6903526,1.92977,2023,6,22,4
2023-06-23 04:00:00+00:00,1.88,1.89,1.77,18657,1.88,16013526,1.838073,2023,6,23,4
2023-06-26 04:00:00+00:00,1.81,1.93,1.8,16208,1.89,7020694,1.841411,2023,6,26,4
2023-06-27 04:00:00+00:00,1.95,1.98,1.8,17216,1.85,9416399,1.915704,2023,6,27,4
2023-06-28 04:00:00+00:00,1.98,1.99,1.9,12472,1.93,6770579,1.954921,2023,6,28,4
2023-06-29 04:00:00+00:00,2.09,2.15,1.97,18424,2.0,9236237,2.072173,2023,6,29,4
2023-06-30 04:00:00+00:00,2.08,2.19,2.07,24124,2.14,11095498,2.13067,2023,6,30,4
2023-07-03 04:00:00+00:00,2.25,2.27,2.1,16942,2.11,10730676,2.21267,2023,7,3,4
2023-07-05 04:00:00+00:00,2.11,2.21,2.1,18461,2.21,8479805,2.136674,2023,7,5,4
2023-07-06 04:00:00+00:00,2.01,2.07,1.93,18254,2.07,10580893,1.986917,2023,7,6,4
2023-07-07 04:00:00+00:00,2.17,2.2,2.01,16669,2.01,10341819,2.145865,2023,7,7,4
2023-07-10 04:00:00+00:00,2.53,2.565,2.1425,36399,2.19,23433798,2.42657,2023,7,10,4
2023-07-11 04:00:00+00:00,2.61,2.7682,2.48,45027,2.58,27573036,2.634018,2023,7,11,4
2023-07-12 04:00:00+00:00,3.0,3.0699,2.66,55194,2.73,30324195,2.880894,2023,7,12,4
2023-07-13 04:00:00+00:00,3.02,3.27,2.87,69748,3.15,37591743,3.052545,2023,7,13,4
2023-07-14 04:00:00+00:00,2.86,3.2,2.83,35063,3.02,18029848,2.969612,2023,7,14,4
2023-07-17 04:00:00+00:00,2.97,3.095,2.725,31467,2.84,14892278,2.997848,2023,7,17,4
2023-07-18 04:00:00+00:00,2.86,3.085,2.82,32596,2.97,16061185,2.921618,2023,7,18,4
2023-07-19 04:00:00+00:00,3.11,3.31,2.92,44634,2.94,27339039,3.146771,2023,7,19,4
2023-07-20 04:00:00+00:00,2.9,3.13,2.865,29121,3.05,15803004,2.973832,2023,7,20,4
2023-07-21 04:00:00+00:00,2.76,3.05,2.73,30159,2.96,16634189,2.823374,2023,7,21,4
2023-07-24 04:00:00+00:00,2.51,2.77,2.47,34972,2.77,20189412,2.564077,2023,7,24,4
2023-07-25 04:00:00+00:00,2.46,2.59,2.45,26882,2.56,11486781,2.526483,2023,7,25,4
2023-07-26 04:00:00+00:00,2.59,2.6,2.37,23456,2.43,13382132,2.50926,2023,7,26,4
2023-07-27 04:00:00+00:00,2.45,2.7504,2.41,26317,2.7,14446846,2.590426,2023,7,27,4
2023-07-28 04:00:00+00:00,2.81,2.82,2.5,27800,2.51,17421758,2.711494,2023,7,28,4
2023-07-31 04:00:00+00:00,3.37,3.38,2.85,62077,2.86,34772778,3.18831,2023,7,31,4
2023-08-01 04:00:00+00:00,3.31,3.33,3.11,40067,3.31,18221993,3.239445,2023,8,1,4
2023-08-02 04:00:00+00:00,3.17,3.27,2.95,48372,3.13,22754334,3.101018,2023,8,2,4
2023-08-03 04:00:00+00:00,3.21,3.5,3.1,44598,3.15,24055403,3.297957,2023,8,3,4
2023-08-04 04:00:00+00:00,3.16,3.87,3.13,142430,3.86,62073143,3.438188,2023,8,4,4
2023-08-07 04:00:00+00:00,2.6,3.2,2.57,66055,3.17,37028674,2.735674,2023,8,7,4
2023-08-08 04:00:00+00:00,2.65,2.66,2.41,41547,2.51,23799799,2.510634,2023,8,8,4
2023-08-09 04:00:00+00:00,2.4,2.61,2.39,30561,2.61,16114444,2.458399,2023,8,9,4
2023-08-10 04:00:00+00:00,2.48,2.61,2.4185,32508,2.44,15691140,2.505753,2023,8,10,4
2023-08-11 04:00:00+00:00,2.48,2.5399,2.37,21651,2.41,10995611,2.475096,2023,8,11,4
2023-08-14 04:00:00+00:00,2.44,2.47,2.25,32601,2.45,15614678,2.349588,2023,8,14,4
2023-08-15 04:00:00+00:00,2.33,2.53,2.33,18888,2.37,8110347,2.394451,2023,8,15,4
2023-08-16 04:00:00+00:00,2.25,2.34,2.22,19568,2.22,10171467,2.274245,2023,8,16,4
2023-08-17 04:00:00+00:00,2.05,2.28,2.025,32678,2.25,19364187,2.122811,2023,8,17,4
2023-08-18 04:00:00+00:00,2.05,2.13,1.95,24316,1.97,11867909,2.060965,2023,8,18,4
2023-08-21 04:00:00+00:00,2.07,2.11,1.99,22602,2.08,10802855,2.059601,2023,8,21,4
2023-08-22 04:00:00+00:00,2.05,2.19,1.98,19885,2.11,10525943,2.040536,2023,8,22,4
2023-08-23 04:00:00+00:00,2.1,2.11,1.99,21255,2.03,8766066,2.070594,2023,8,23,4
2023-08-24 04:00:00+00:00,2.08,2.17,2.045,19927,2.12,9596166,2.095772,2023,8,24,4
2023-08-25 04:00:00+00:00,2.17,2.22,2.07,27554,2.07,11608719,2.15297,2023,8,25,4
2023-08-28 04:00:00+00:00,2.28,2.29,2.13,20607,2.21,9766580,2.225027,2023,8,28,4
2023-08-29 04:00:00+00:00,2.36,2.405,2.23,23155,2.28,11956056,2.353676,2023,8,29,4
2023-08-30 04:00:00+00:00,2.38,2.41,2.28,18598,2.38,9010275,2.36687,2023,8,30,4
2023-08-31 04:00:00+00:00,2.34,2.44,2.3,18672,2.39,15770990,2.358477,2023,8,31,4
2023-09-01 04:00:00+00:00,2.65,2.69,2.38,47671,2.38,25660279,2.59553,2023,9,1,4
2023-09-05 04:00:00+00:00,2.91,2.97,2.7,50957,2.74,23281195,2.878913,2023,9,5,4
2023-09-06 04:00:00+00:00,2.69,3.01,2.63,46292,2.99,19925960,2.760261,2023,9,6,4
2023-09-07 04:00:00+00:00,3.06,3.075,2.6,57844,2.61,30949422,2.934129,2023,9,7,4
2023-09-08 04:00:00+00:00,3.02,3.06,2.88,36275,2.98,16727968,2.976216,2023,9,8,4
2023-09-11 04:00:00+00:00,2.47,3.345,2.45,78125,3.05,44790913,2.817534,2023,9,11,4
2023-09-12 04:00:00+00:00,2.55,2.74,2.5039,38638,2.52,17097345,2.581973,2023,9,12,4
2023-09-13 04:00:00+00:00,2.49,2.6,2.4,28859,2.59,11234839,2.481207,2023,9,13,4
2023-09-14 04:00:00+00:00,2.67,2.67,2.51,27042,2.53,12380843,2.602909,2023,9,14,4
2023-09-15 04:00:00+00:00,2.74,2.77,2.6303,29389,2.72,23889239,2.725424,2023,9,15,4
2023-09-18 04:00:00+00:00,2.74,2.82,2.65,26310,2.66,9584552,2.752898,2023,9,18,4
2023-09-19 04:00:00+00:00,2.73,2.765,2.59,22141,2.72,9069598,2.678169,2023,9,19,4
2023-09-20 04:00:00+00:00,2.7,2.905,2.69,27061,2.8,13837782,2.814294,2023,9,20,4
2023-09-21 04:00:00+00:00,2.49,2.6199,2.46,27779,2.61,14356771,2.529802,2023,9,21,4
2023-09-22 04:00:00+00:00,2.31,2.58,2.25,30107,2.51,12416482,2.365313,2023,9,22,4
2023-09-25 04:00:00+00:00,2.37,2.38,2.22,23026,2.24,9288778,2.318206,2023,9,25,4
2023-09-26 04:00:00+00:00,2.38,2.4987,2.31,18334,2.31,8913426,2.415585,2023,9,26,4
2023-09-27 04:00:00+00:00,2.54,2.56,2.425,18901,2.43,10221099,2.501035,2023,9,27,4
2023-09-28 04:00:00+00:00,2.61,2.62,2.475,16496,2.59,7842589,2.56779,2023,9,28,4
2023-09-29 04:00:00+00:00,2.67,2.7,2.61,17391,2.67,9833599,2.667848,2023,9,29,4
2023-10-02 04:00:00+00:00,2.63,2.7133,2.58,18698,2.69,7989426,2.641961,2023,10,2,4
2023-10-03 04:00:00+00:00,2.45,2.58,2.43,19444,2.55,9359295,2.479355,2023,10,3,4
2023-10-04 04:00:00+00:00,2.5,2.53,2.39,18924,2.45,8250102,2.462558,2023,10,4,4
2023-10-05 04:00:00+00:00,2.43,2.5199,2.37,16370,2.47,6074619,2.42494,2023,10,5,4
2023-10-06 04:00:00+00:00,2.45,2.475,2.305,17235,2.34,7570166,2.410811,2023,10,6,4
2023-10-09 04:00:00+00:00,2.35,2.4099,2.245,16641,2.4,8563636,2.314964,2023,10,9,4
2023-10-10 04:00:00+00:00,2.51,2.6,2.35,19836,2.36,9853461,2.516676,2023,10,10,4
2023-10-11 04:00:00+00:00,2.54,2.5994,2.485,18167,2.57,7541655,2.534647,2023,10,11,4
2023-10-12 04:00:00+00:00,2.38,2.555,2.33,20722,2.55,9270529,2.408392,2023,10,12,4
2023-10-13 04:00:00+00:00,2.34,2.44,2.31,11980,2.39,4633664,2.360383,2023,10,13,4
2023-10-16 04:00:00+00:00,2.53,2.54,2.34,16715,2.34,8687699,2.466681,2023,10,16,4
2023-10-17 04:00:00+00:00,2.7,2.72,2.475,22311,2.48,11158799,2.643453,2023,10,17,4
2023-10-18 04:00:00+00:00,2.46,2.6987,2.45,20258,2.66,9185261,2.51744,2023,10,18,4
2023-10-19 04:00:00+00:00,2.42,2.63,2.4,23594,2.5,12207894,2.489175,2023,10,19,4
2023-10-20 04:00:00+00:00,2.35,2.4173,2.3,21316,2.37,9101131,2.346764,2023,10,20,4
2023-10-23 04:00:00+00:00,2.37,2.44,2.25,16293,2.31,7570756,2.36593,2023,10,23,4
2023-10-24 04:00:00+00:00,2.55,2.65,2.42,20903,2.42,10302174,2.549757,2023,10,24,4
2023-10-25 04:00:00+00:00,2.4,2.54,2.38,16697,2.5,7933674,2.438935,2023,10,25,4
2023-10-26 04:00:00+00:00,2.44,2.45,2.28,23962,2.38,10943950,2.366743,2023,10,26,4
2023-10-27 04:00:00+00:00,2.25,2.48,2.24,23384,2.44,12130736,2.309861,2023,10,27,4
2023-10-30 04:00:00+00:00,2.31,2.33,2.14,26784,2.26,9603488,2.237894,2023,10,30,4
2023-10-31 04:00:00+00:00,2.42,2.5,2.29,24584,2.29,12219526,2.433731,2023,10,31,4
2023-11-01 04:00:00+00:00,2.39,2.45,2.323,18711,2.42,8465120,2.385562,2023,11,1,4
2023-11-02 04:00:00+00:00,2.74,2.74,2.55,38214,2.58,20812814,2.661508,2023,11,2,4
2023-11-03 04:00:00+00:00,3.0,3.18,2.65,106911,3.0,59710916,2.937475,2023,11,3,4
2023-11-06 05:00:00+00:00,2.97,3.09,2.91,44607,2.95,18775098,3.003795,2023,11,6,5
2023-11-07 05:00:00+00:00,3.04,3.1,2.89,30816,2.92,13593574,3.022395,2023,11,7,5
2023-11-08 05:00:00+00:00,2.86,3.02,2.85,25621,3.01,10747951,2.931858,2023,11,8,5
2023-11-09 05:00:00+00:00,2.64,2.86,2.61,25804,2.81,11830176,2.714557,2023,11,9,5
2023-11-10 05:00:00+00:00,2.56,2.62,2.43,32482,2.62,16577294,2.505116,2023,11,10,5
2023-11-13 05:00:00+00:00,2.54,2.63,2.48,20072,2.55,9152685,2.565947,2023,11,13,5
2023-11-14 05:00:00+00:00,2.93,2.96,2.69,34566,2.7,15796332,2.837294,2023,11,14,5
2023-11-15 05:00:00+00:00,3.02,3.185,2.97,34369,2.97,17085720,3.054394,2023,11,15,5
2023-11-16 05:00:00+00:00,2.9,2.97,2.83,21241,2.95,7722356,2.88361,2023,11,16,5
2023-11-17 05:00:00+00:00,3.18,3.19,2.9411,29334,2.96,14846960,3.096135,2023,11,17,5
2023-11-20 05:00:00+00:00,3.26,3.4175,3.2,32954,3.21,15760998,3.323801,2023,11,20,5
2023-11-21 05:00:00+00:00,3.12,3.24,3.02,23313,3.2,9728285,3.100786,2023,11,21,5
2023-11-22 05:00:00+00:00,3.0,3.225,3.0,23896,3.12,10517027,3.097002,2023,11,22,5
2023-11-24 05:00:00+00:00,3.08,3.095,2.96,10800,3.04,4928357,3.049746,2023,11,24,5
2023-11-27 05:00:00+00:00,3.17,3.17,2.98,22340,3.01,8726468,3.084467,2023,11,27,5
2023-11-28 05:00:00+00:00,3.18,3.22,3.0,22285,3.16,8389431,3.144364,2023,11,28,5
2023-11-29 05:00:00+00:00,3.15,3.38,3.105,26029,3.25,11708863,3.234733,2023,11,29,5
2023-11-30 05:00:00+00:00,3.19,3.23,3.05,19381,3.18,8887189,3.153284,2023,11,30,5
2023-12-01 05:00:00+00:00,3.32,3.39,3.11,29072,3.16,12372493,3.315479,2023,12,1,5
2023-12-04 05:00:00+00:00,3.45,3.59,3.28,31540,3.3,13838213,3.479036,2023,12,4,5
2023-12-05 05:00:00+00:00,3.21,3.43,3.185,27563,3.43,9744876,3.289403,2023,12,5,5
2023-12-06 05:00:00+00:00,3.25,3.47,3.25,23324,3.32,10037476,3.354418,2023,12,6,5
2023-12-07 05:00:00+00:00,3.19,3.261,3.1141,22453,3.25,8812789,3.167502,2023,12,7,5
2023-12-08 05:00:00+00:00,3.28,3.31,3.15,20840,3.17,7830402,3.243452,2023,12,8,5
2023-12-11 05:00:00+00:00,3.12,3.32,3.11,26318,3.29,9731038,3.154614,2023,12,11,5
2023-12-12 05:00:00+00:00,3.23,3.32,3.13,23616,3.2,10150361,3.21093,2023,12,12,5
2023-12-13 05:00:00+00:00,3.4,3.45,3.08,28737,3.23,14204983,3.268096,2023,12,13,5
2023-12-14 05:00:00+00:00,3.56,3.815,3.46,52042,3.54,23476962,3.619987,2023,12,14,5
2023-12-15 05:00:00+00:00,3.36,3.64,3.355,31367,3.6,14940663,3.436688,2023,12,15,5
2023-12-18 05:00:00+00:00,3.33,3.5,3.28,26504,3.36,11846820,3.361748,2023,12,18,5
2023-12-19 05:00:00+00:00,3.49,3.55,3.365,28509,3.39,14021868,3.492402,2023,12,19,5
2023-12-20 05:00:00+00:00,3.17,3.5,3.16,30101,3.48,15446685,3.32766,2023,12,20,5
2023-12-21 05:00:00+00:00,3.27,3.3,3.11,25302,3.28,11687614,3.212626,2023,12,21,5
2023-12-22 05:00:00+00:00,3.27,3.34,3.2025,17233,3.26,6693543,3.282532,2023,12,22,5
2023-12-26 05:00:00+00:00,3.26,3.305,3.18,14841,3.27,6400272,3.237985,2023,12,26,5
2023-12-27 05:00:00+00:00,3.33,3.425,3.25,22155,3.26,10595702,3.331482,2023,12,27,5
2023-12-28 05:00:00+00:00,3.31,3.3504,3.23,16441,3.28,7314143,3.283143,2023,12,28,5
2023-12-29 05:00:00+00:00,3.18,3.36,3.18,22045,3.3,8365598,3.222502,2023,12,29,5
2024-01-02 05:00:00+00:00,3.15,3.22,3.04,22138,3.13,8491208,3.12857,2024,1,2,5
2024-01-03 05:00:00+00:00,2.9,3.08,2.88,31956,3.08,12788990,2.951394,2024,1,3,5
2024-01-04 05:00:00+00:00,2.97,3.02,2.882,23579,2.96,9480725,2.958689,2024,1,4,5
2024-01-05 05:00:00+00:00,2.93,3.05,2.8809,19612,2.91,7668424,2.966068,2024,1,5,5
2024-01-08 05:00:00+00:00,3.17,3.17,2.89,19113,2.91,10182723,3.076581,2024,1,8,5
2024-01-09 05:00:00+00:00,2.97,3.125,2.96,19664,3.1,8053941,3.031095,2024,1,9,5
2024-01-10 05:00:00+00:00,2.94,2.99,2.86,18240,2.98,7452531,2.932809,2024,1,10,5
2024-01-11 05:00:00+00:00,2.79,2.919,2.72,24196,2.89,10649181,2.792603,2024,1,11,5
2024-01-12 05:00:00+00:00,2.73,2.93,2.71,17936,2.8,8066441,2.800944,2024,1,12,5
2024-01-16 05:00:00+00:00,2.66,2.72,2.6,20928,2.7,8483853,2.667035,2024,1,16,5
2024-01-17 05:00:00+00:00,2.58,2.596,2.5,21793,2.56,8693150,2.545166,2024,1,17,5
2024-01-18 05:00:00+00:00,2.52,2.649,2.42,28695,2.61,12984103,2.488828,2024,1,18,5
2024-01-19 05:00:00+00:00,2.6,2.63,2.47,27250,2.54,8436835,2.554296,2024,1,19,5
2024-01-22 05:00:00+00:00,2.73,2.875,2.63,28580,2.64,12476471,2.733484,2024,1,22,5
2024-01-23 05:00:00+00:00,2.79,2.875,2.72,26067,2.79,8950555,2.784898,2024,1,23,5
2024-01-24 05:00:00+00:00,2.7,2.955,2.68,20199,2.88,8760946,2.793422,2024,1,24,5
2024-01-25 05:00:00+00:00,2.68,2.83,2.625,20680,2.74,8656099,2.695406,2024,1,25,5
2024-01-26 05:00:00+00:00,2.67,2.8,2.67,14070,2.73,5514944,2.717289,2024,1,26,5
2024-01-29 05:00:00+00:00,2.72,2.73,2.6,18888,2.67,9152061,2.6526,2024,1,29,5
2024-01-30 05:00:00+00:00,2.58,2.71,2.56,20721,2.7,9731868,2.597681,2024,1,30,5
2024-01-31 05:00:00+00:00,2.49,2.695,2.48,20713,2.53,11289326,2.579616,2024,1,31,5
2024-02-01 05:00:00+00:00,2.54,2.59,2.48,17986,2.55,9718218,2.535895,2024,2,1,5
2024-02-02 05:00:00+00:00,2.56,2.57,2.46,21338,2.52,9329201,2.515604,2024,2,2,5
2024-02-05 05:00:00+00:00,2.42,2.505,2.4,20151,2.5,10283410,2.434271,2024,2,5,5
2024-02-06 05:00:00+00:00,2.51,2.56,2.405,20197,2.43,9681182,2.516355,2024,2,6,5
2024-02-07 05:00:00+00:00,1.94,2.04,1.75,82561,2.02,54023558,1.889309,2024,2,7,5
2024-02-08 05:00:00+00:00,1.96,2.05,1.92,34565,1.96,16416048,1.969601,2024,2,8,5
2024-02-09 05:00:00+00:00,2.06,2.09,1.93,33419,1.95,15387876,2.019161,2024,2,9,5
2024-02-12 05:00:00+00:00,2.13,2.2,2.05,31089,2.05,11367473,2.155494,2024,2,12,5
2024-02-13 05:00:00+00:00,1.98,2.065,1.95,27321,2.02,13385984,1.996205,2024,2,13,5
2024-02-14 05:00:00+00:00,2.1,2.135,2.0,20415,2.02,8573268,2.078959,2024,2,14,5
2024-02-15 05:00:00+00:00,2.2,2.3,2.0801,29120,2.11,12802257,2.170947,2024,2,15,5
2024-02-16 05:00:00+00:00,2.07,2.17,2.05,22358,2.14,13627985,2.086552,2024,2,16,5
2024-02-20 05:00:00+00:00,2.0,2.06,1.98,19678,2.04,10836378,2.007447,2024,2,20,5
2024-02-21 05:00:00+00:00,1.93,1.99,1.83,23934,1.98,14826005,1.895536,2024,2,21,5
2024-02-22 05:00:00+00:00,1.86,1.94,1.85,20116,1.9,11224043,1.883688,2024,2,22,5
2024-02-23 05:00:00+00:00,1.77,1.885,1.76,24923,1.85,15669998,1.824419,2024,2,23,5
2024-02-26 05:00:00+00:00,1.9,1.91,1.72,22085,1.77,10396762,1.850851,2024,2,26,5
2024-02-27 05:00:00+00:00,2.0,2.01,1.9,18531,1.93,9710772,1.959885,2024,2,27,5
2024-02-28 05:00:00+00:00,2.04,2.1,1.96,18144,2.0,10272693,2.045948,2024,2,28,5
2024-02-29 05:00:00+00:00,2.07,2.17,2.05,29507,2.13,17021135,2.1034,2024,2,29,5
2024-03-01 05:00:00+00:00,1.9,2.435,1.85,76608,2.33,49628926,2.012699,2024,3,1,5
2024-03-04 05:00:00+00:00,1.85,1.97,1.85,25664,1.95,13088102,1.907686,2024,3,4,5
2024-03-05 05:00:00+00:00,1.74,1.84,1.71,31102,1.84,17514844,1.761104,2024,3,5,5
2024-03-06 05:00:00+00:00,1.73,1.796,1.71,18550,1.74,9807777,1.750427,2024,3,6,5
2024-03-07 05:00:00+00:00,1.64,1.79,1.63,24865,1.72,13561755,1.684009,2024,3,7,5
2024-03-08 05:00:00+00:00,1.68,1.79,1.65,19733,1.69,13119546,1.705264,2024,3,8,5
2024-03-11 04:00:00+00:00,1.61,1.736,1.61,18324,1.68,7080123,1.660947,2024,3,11,4
2024-03-12 04:00:00+00:00,1.54,1.63,1.51,27182,1.63,14480248,1.555023,2024,3,12,4
2024-03-13 04:00:00+00:00,1.61,1.69,1.53,17973,1.55,11725877,1.642524,2024,3,13,4
2024-03-14 04:00:00+00:00,1.55,1.64,1.53,18104,1.63,7815070,1.5547,2024,3,14,4
2024-03-15 04:00:00+00:00,1.51,1.58,1.49,14845,1.55,10050338,1.525284,2024,3,15,4
2024-03-18 04:00:00+00:00,1.54,1.57,1.47,12993,1.53,7682742,1.526555,2024,3,18,4
2024-03-19 04:00:00+00:00,1.52,1.54,1.46,11754,1.52,5805599,1.509582,2024,3,19,4
2024-03-20 04:00:00+00:00,1.6,1.62,1.48,17648,1.52,9332556,1.551546,2024,3,20,4
2024-03-21 04:00:00+00:00,1.59,1.6597,1.56,13236,1.64,7556337,1.601754,2024,3,21,4
2024-03-22 04:00:00+00:00,1.51,1.57,1.51,13910,1.56,5815808,1.526509,2024,3,22,4
2024-03-25 04:00:00+00:00,1.54,1.57,1.5,11353,1.52,6019866,1.538844,2024,3,25,4
2024-03-26 04:00:00+00:00,1.5,1.5797,1.49,11343,1.56,5240448,1.529097,2024,3,26,4
2024-03-27 04:00:00+00:00,1.56,1.56,1.51,10920,1.54,5122511,1.540556,2024,3,27,4
2024-03-28 04:00:00+00:00,1.58,1.64,1.55,12496,1.56,6426695,1.592793,2024,3,28,4
2024-04-01 04:00:00+00:00,1.58,1.59,1.51,12440,1.59,6019997,1.553358,2024,4,1,4
2024-04-02 04:00:00+00:00,1.54,1.55,1.5,11962,1.52,5241753,1.522426,2024,4,2,4
2024-04-03 04:00:00+00:00,1.56,1.58,1.49,11811,1.52,5447348,1.546453,2024,4,3,4
2024-04-04 04:00:00+00:00,1.56,1.67,1.55,16283,1.6,10298238,1.613242,2024,4,4,4
2024-04-05 04:00:00+00:00,1.55,1.57,1.5,12988,1.54,6833332,1.533885,2024,4,5,4
2024-04-08 04:00:00+00:00,1.58,1.6,1.525,10252,1.57,4721299,1.565928,2024,4,8,4
2024-04-09 04:00:00+00:00,1.61,1.665,1.58,10947,1.58,5021850,1.618337,2024,4,9,4
2024-04-10 04:00:00+00:00,1.51,1.57,1.49,13754,1.55,7526450,1.524631,2024,4,10,4
2024-04-11 04:00:00+00:00,1.49,1.5497,1.46,16029,1.53,5921261,1.48576,2024,4,11,4
2024-04-12 04:00:00+00:00,1.45,1.49,1.42,12892,1.47,4791376,1.449281,2024,4,12,4
2024-04-15 04:00:00+00:00,1.4,1.47,1.38,16367,1.45,7496573,1.416727,2024,4,15,4
2024-04-16 04:00:00+00:00,1.37,1.4,1.35,16911,1.38,5664814,1.377762,2024,4,16,4
2024-04-17 04:00:00+00:00,1.39,1.48,1.38,11869,1.43,4550539,1.421006,2024,4,17,4
2024-04-18 04:00:00+00:00,1.4,1.48,1.36,14552,1.4,6797543,1.423788,2024,4,18,4
2024-04-19 04:00:00+00:00,1.35,1.42,1.32,20231,1.39,8796071,1.358658,2024,4,19,4
2024-04-22 04:00:00+00:00,1.34,1.38,1.2018,27203,1.35,19375137,1.278675,2024,4,22,4
2024-04-23 04:00:00+00:00,1.43,1.45,1.33,21701,1.35,11571531,1.391494,2024,4,23,4
2024-04-24 04:00:00+00:00,1.38,1.44,1.36,11822,1.41,4224241,1.384798,2024,4,24,4
2024-04-25 04:00:00+00:00,1.37,1.38,1.33,11975,1.35,3512030,1.356303,2024,4,25,4
2024-04-26 04:00:00+00:00,1.39,1.43,1.35,8271,1.37,3399428,1.394205,2024,4,26,4
2024-04-29 04:00:00+00:00,1.4,1.46,1.38,13880,1.41,5532260,1.421431,2024,4,29,4
2024-04-30 04:00:00+00:00,1.42,1.47,1.375,12624,1.41,5976888,1.431125,2024,4,30,4
2024-05-01 04:00:00+00:00,1.44,1.51,1.37,15306,1.39,6376215,1.436791,2024,5,1,4
2024-05-02 04:00:00+00:00,1.55,1.55,1.45,21937,1.51,12894330,1.50644,2024,5,2,4
2024-05-03 04:00:00+00:00,1.37,1.69,1.36,46711,1.63,32029872,1.441154,2024,5,3,4
2024-05-06 04:00:00+00:00,1.41,1.46,1.37,22710,1.43,13674819,1.403993,2024,5,6,4
2024-05-07 04:00:00+00:00,1.31,1.4,1.31,20896,1.4,11993309,1.338296,2024,5,7,4
2024-05-08 04:00:00+00:00,1.23,1.29,1.22,24084,1.28,12382007,1.247799,2024,5,8,4
2024-05-09 04:00:00+00:00,1.33,1.33,1.24,14826,1.25,8528203,1.292354,2024,5,9,4
2024-05-10 04:00:00+00:00,1.28,1.33,1.25,14454,1.32,6315499,1.278171,2024,5,10,4
2024-05-13 04:00:00+00:00,1.44,1.45,1.3,27145,1.32,19798010,1.41191,2024,5,13,4
2024-05-14 04:00:00+00:00,1.46,1.62,1.44,40577,1.56,26676275,1.532773,2024,5,14,4
2024-05-15 04:00:00+00:00,1.38,1.5,1.36,23000,1.5,11292638,1.403056,2024,5,15,4
2024-05-16 04:00:00+00:00,1.33,1.4397,1.32,16525,1.41,8523711,1.355214,2024,5,16,4
2024-05-17 04:00:00+00:00,1.32,1.34,1.29,13202,1.34,6848298,1.314153,2024,5,17,4
2024-05-20 04:00:00+00:00,1.3,1.345,1.29,11835,1.34,5535197,1.309726,2024,5,20,4
2024-05-21 04:00:00+00:00,1.26,1.31,1.26,17692,1.29,11570750,1.275273,2024,5,21,4
2024-05-22 04:00:00+00:00,1.23,1.36,1.23,19362,1.26,10421921,1.266785,2024,5,22,4
2024-05-23 04:00:00+00:00,1.22,1.26,1.2,19261,1.25,10331967,1.225217,2024,5,23,4
2024-05-24 04:00:00+00:00,1.25,1.28,1.215,13782,1.23,7128374,1.250791,2024,5,24,4
2024-05-28 04:00:00+00:00,1.24,1.28,1.21,13819,1.24,6138382,1.244492,2024,5,28,4
2024-05-29 04:00:00+00:00,1.23,1.24,1.2,17035,1.21,7334224,1.227611,2024,5,29,4
2024-05-30 04:00:00+00:00,1.25,1.26,1.22,13448,1.23,4142872,1.242478,2024,5,30,4
2024-05-31 04:00:00+00:00,1.25,1.27,1.22,11991,1.24,5340744,1.24086,2024,5,31,4
2024-06-03 04:00:00+00:00,1.28,1.3,1.24,14705,1.27,6200841,1.264783,2024,6,3,4
2024-06-04 04:00:00+00:00,1.24,1.27,1.23,12818,1.26,5036988,1.24959,2024,6,4,4
2024-06-05 04:00:00+00:00,1.25,1.28,1.22,11030,1.23,5040686,1.248935,2024,6,5,4
2024-06-06 04:00:00+00:00,1.25,1.27,1.22,14378,1.24,5896246,1.243192,2024,6,6,4
2024-06-07 04:00:00+00:00,1.2,1.25,1.2,13507,1.21,7060344,1.221044,2024,6,7,4
2024-06-10 04:00:00+00:00,1.15,1.2001,1.14,19377,1.2,9025984,1.161824,2024,6,10,4
2024-06-11 04:00:00+00:00,1.26,1.26,1.13,22407,1.15,10228024,1.208992,2024,6,11,4
2024-06-12 04:00:00+00:00,1.25,1.34,1.23,23339,1.29,11098427,1.268457,2024,6,12,4
2024-06-13 04:00:00+00:00,1.2,1.23,1.2,20267,1.22,6658074,1.210181,2024,6,13,4
2024-06-14 04:00:00+00:00,1.18,1.21,1.16,24102,1.21,9528100,1.177944,2024,6,14,4
2024-06-17 04:00:00+00:00,1.19,1.22,1.16,15208,1.16,6504618,1.188587,2024,6,17,4
2024-06-18 04:00:00+00:00,1.18,1.21,1.16,16759,1.18,7179243,1.1833,2024,6,18,4
2024-06-20 04:00:00+00:00,1.12,1.18,1.12,20065,1.17,7581480,1.135323,2024,6,20,4
2024-06-21 04:00:00+00:00,1.15,1.17,1.1,18061,1.12,12050529,1.137523,2024,6,21,4
2024-06-24 04:00:00+00:00,1.15,1.17,1.12,9935,1.14,4430374,1.147849,2024,6,24,4
2024-06-25 04:00:00+00:00,1.14,1.15,1.11,10019,1.15,5367563,1.138424,2024,6,25,4
2024-06-26 04:00:00+00:00,1.18,1.21,1.13,15397,1.14,7862076,1.186055,2024,6,26,4
2024-06-27 04:00:00+00:00,1.24,1.25,1.17,14351,1.17,6994163,1.223126,2024,6,27,4
2024-06-28 04:00:00+00:00,1.24,1.26,1.2,12334,1.23,7685076,1.234409,2024,6,28,4
2024-07-01 04:00:00+00:00,1.26,1.32,1.22,16804,1.24,8895031,1.266203,2024,7,1,4
2024-07-02 04:00:00+00:00,1.31,1.32,1.25,15526,1.25,6444852,1.291719,2024,7,2,4
2024-07-03 04:00:00+00:00,1.31,1.35,1.3,9010,1.32,4519819,1.320299,2024,7,3,4
2024-07-05 04:00:00+00:00,1.25,1.3,1.22,13523,1.29,6190803,1.241198,2024,7,5,4
2024-07-08 04:00:00+00:00,1.25,1.28,1.24,8891,1.24,3099614,1.255585,2024,7,8,4
2024-07-09 04:00:00+00:00,1.24,1.27,1.21,9045,1.25,3890699,1.238413,2024,7,9,4
2024-07-10 04:00:00+00:00,1.2,1.24,1.17,15721,1.23,7205648,1.196158,2024,7,10,4
2024-07-11 04:00:00+00:00,1.27,1.28,1.22,12732,1.24,8178478,1.249772,2024,7,11,4
2024-07-12 04:00:00+00:00,1.34,1.36,1.28,12923,1.29,9595226,1.324826,2024,7,12,4
2024-07-15 04:00:00+00:00,1.33,1.35,1.3,11060,1.34,5850332,1.324718,2024,7,15,4
2024-07-16 04:00:00+00:00,1.43,1.47,1.31,22626,1.33,14133742,1.414427,2024,7,16,4
2024-07-17 04:00:00+00:00,1.45,1.58,1.405,31568,1.44,20821617,1.48343,2024,7,17,4
2024-07-18 04:00:00+00:00,1.47,1.57,1.43,23517,1.45,14434739,1.503302,2024,7,18,4
2024-07-19 04:00:00+00:00,1.44,1.52,1.43,12824,1.47,6576772,1.461825,2024,7,19,4
2024-07-22 04:00:00+00:00,1.45,1.46,1.33,18525,1.45,9649101,1.388469,2024,7,22,4
2024-07-23 04:00:00+00:00,1.46,1.49,1.42,12335,1.43,6382048,1.464038,2024,7,23,4
2024-07-24 04:00:00+00:00,1.38,1.455,1.36,13861,1.43,10543589,1.395037,2024,7,24,4
2024-07-25 04:00:00+00:00,1.45,1.49,1.35,11384,1.35,6766424,1.443197,2024,7,25,4
2024-07-26 04:00:00+00:00,1.48,1.5,1.44,11040,1.48,5948469,1.465733,2024,7,26,4
2024-07-29 04:00:00+00:00,1.44,1.5099,1.42,10610,1.49,5236272,1.443797,2024,7,29,4
2024-07-30 04:00:00+00:00,1.45,1.46,1.4,10251,1.45,4729378,1.432481,2024,7,30,4
2024-07-31 04:00:00+00:00,1.46,1.54,1.41,13316,1.44,7758414,1.466425,2024,7,31,4
2024-08-01 04:00:00+00:00,1.38,1.49,1.36,12879,1.44,8123448,1.406369,2024,8,1,4
2024-08-02 04:00:00+00:00,1.33,1.36,1.28,13206,1.31,8845784,1.324241,2024,8,2,4
2024-08-05 04:00:00+00:00,1.31,1.35,1.19,17734,1.2,8870827,1.291344,2024,8,5,4
2024-08-06 04:00:00+00:00,1.33,1.51,1.23,28578,1.45,16563091,1.321477,2024,8,6,4
2024-08-07 04:00:00+00:00,1.24,1.37,1.24,19164,1.34,9896977,1.304809,2024,8,7,4
2024-08-08 04:00:00+00:00,1.26,1.29,1.24,16077,1.25,6683390,1.265018,2024,8,8,4
2024-08-09 04:00:00+00:00,1.26,1.29,1.22,20212,1.29,7837196,1.253932,2024,8,9,4
2024-08-12 04:00:00+00:00,1.16,1.25,1.15,22328,1.24,13571349,1.180509,2024,8,12,4
2024-08-13 04:00:00+00:00,1.26,1.28,1.18,14066,1.19,9831918,1.250221,2024,8,13,4
2024-08-14 04:00:00+00:00,1.29,1.35,1.25,12603,1.29,9535725,1.28962,2024,8,14,4
2024-08-15 04:00:00+00:00,1.31,1.32,1.27,11993,1.32,6581055,1.29568,2024,8,15,4
2024-08-16 04:00:00+00:00,1.53,1.63,1.3,66122,1.3,44414344,1.514115,2024,8,16,4
2024-08-19 04:00:00+00:00,1.8,2.18,1.73,144552,1.74,102128963,1.930521,2024,8,19,4
2024-08-20 04:00:00+00:00,1.94,2.01,1.66,44951,1.79,32681793,1.82797,2024,8,20,4
2024-08-21 04:00:00+00:00,2.02,2.11,1.93,47681,1.96,35281041,2.024314,2024,8,21,4
2024-08-22 04:00:00+00:00,1.98,2.11,1.97,27888,2.05,18543810,2.038651,2024,8,22,4
2024-08-23 04:00:00+00:00,2.07,2.15,1.99,30601,2.03,24364251,2.079194,2024,8,23,4
2024-08-26 04:00:00+00:00,1.96,2.09,1.9,23757,2.09,15732841,1.959025,2024,8,26,4
2024-08-27 04:00:00+00:00,1.8,1.94,1.8,20941,1.9,14558423,1.843088,2024,8,27,4
2024-08-28 04:00:00+00:00,1.67,1.78,1.63,24700,1.75,17642507,1.691358,2024,8,28,4
2024-08-29 04:00:00+00:00,1.67,1.77,1.65,13399,1.72,8447247,1.713006,2024,8,29,4
2024-08-30 04:00:00+00:00,1.68,1.7379,1.63,15053,1.67,8581235,1.674295,2024,8,30,4
2024-09-03 04:00:00+00:00,1.65,1.71,1.63,13742,1.65,7201957,1.660698,2024,9,3,4
2024-09-04 04:00:00+00:00,1.73,1.77,1.655,13785,1.69,9769109,1.730911,2024,9,4,4
2024-09-05 04:00:00+00:00,1.65,1.73,1.63,13120,1.72,8689269,1.663365,2024,9,5,4
2024-09-06 04:00:00+00:00,1.65,1.7599,1.63,15312,1.65,11329953,1.682738,2024,9,6,4
2024-09-09 04:00:00+00:00,1.66,1.75,1.65,15404,1.68,10458790,1.689813,2024,9,9,4
2024-09-10 04:00:00+00:00,1.71,1.73,1.61,15158,1.68,9370368,1.673503,2024,9,10,4
2024-09-11 04:00:00+00:00,1.73,1.74,1.65,12277,1.7,8377153,1.701325,2024,9,11,4
2024-09-12 04:00:00+00:00,1.8,1.86,1.71,18702,1.77,13573909,1.777682,2024,9,12,4
2024-09-13 04:00:00+00:00,1.78,1.86,1.75,17719,1.85,10526012,1.792168,2024,9,13,4
2024-09-16 04:00:00+00:00,1.69,1.77,1.65,15616,1.77,8897236,1.702887,2024,9,16,4
2024-09-17 04:00:00+00:00,1.63,1.7,1.62,15844,1.69,8045123,1.65511,2024,9,17,4
2024-09-18 04:00:00+00:00,1.61,1.73,1.59,16707,1.63,10802547,1.642987,2024,9,18,4
2024-09-19 04:00:00+00:00,1.56,1.68,1.55,16927,1.67,11833031,1.593496,2024,9,19,4
2024-09-20 04:00:00+00:00,1.48,1.56,1.47,21068,1.56,14452572,1.504691,2024,9,20,4
2024-09-23 04:00:00+00:00,1.38,1.49,1.38,19607,1.49,12963308,1.418021,2024,9,23,4
2024-09-24 04:00:00+00:00,1.43,1.44,1.365,12571,1.39,7727191,1.405608,2024,9,24,4
2024-09-25 04:00:00+00:00,1.37,1.42,1.36,11415,1.42,6575822,1.383828,2024,9,25,4
2024-09-26 04:00:00+00:00,1.42,1.44,1.39,11301,1.42,6198905,1.417782,2024,9,26,4
2024-09-27 04:00:00+00:00,1.46,1.49,1.43,9037,1.44,7336134,1.46033,2024,9,27,4
2024-09-30 04:00:00+00:00,1.42,1.55,1.41,14423,1.45,10006388,1.465923,2024,9,30,4
2024-10-01 04:00:00+00:00,1.38,1.42,1.36,11032,1.4,7505078,1.394028,2024,10,1,4
2024-10-02 04:00:00+00:00,1.44,1.45,1.36,10078,1.36,6186933,1.416599,2024,10,2,4
2024-10-03 04:00:00+00:00,1.45,1.46,1.415,8567,1.44,3867876,1.440309,2024,10,3,4
2024-10-04 04:00:00+00:00,1.5,1.51,1.43,9864,1.49,5681056,1.47839,2024,10,4,4
2024-10-07 04:00:00+00:00,1.43,1.53,1.42,8141,1.5,4631738,1.448865,2024,10,7,4
2024-10-08 04:00:00+00:00,1.41,1.456,1.39,8834,1.43,4273733,1.417156,2024,10,8,4
2024-10-09 04:00:00+00:00,1.41,1.43,1.39,9066,1.4,4023960,1.411132,2024,10,9,4
2024-10-10 04:00:00+00:00,1.53,1.54,1.39,13595,1.43,6815069,1.487742,2024,10,10,4
2024-10-11 04:00:00+00:00,1.62,1.65,1.53,17225,1.53,13757872,1.603046,2024,10,11,4
2024-10-14 04:00:00+00:00,1.58,1.65,1.55,14660,1.6,10653747,1.605313,2024,10,14,4
2024-10-15 04:00:00+00:00,1.64,1.67,1.56,17728,1.58,12275001,1.633094,2024,10,15,4
2024-10-16 04:00:00+00:00,1.59,1.69,1.56,12849,1.67,7234196,1.607359,2024,10,16,4
2024-10-17 04:00:00+00:00,1.57,1.59,1.53,8774,1.58,4215516,1.559082,2024,10,17,4
2024-10-18 04:00:00+00:00,1.63,1.645,1.585,11693,1.59,5773761,1.618888,2024,10,18,4
2024-10-21 04:00:00+00:00,1.61,1.64,1.564,9571,1.62,4313654,1.601621,2024,10,21,4
2024-10-22 04:00:00+00:00,1.66,1.69,1.6,10717,1.61,5200663,1.655047,2024,10,22,4
2024-10-23 04:00:00+00:00,1.57,1.656,1.54,11828,1.65,6322316,1.589241,2024,10,23,4
2024-10-24 04:00:00+00:00,1.6,1.67,1.56,10936,1.59,5358616,1.611336,2024,10,24,4
2024-10-25 04:00:00+00:00,1.56,1.62,1.53,12108,1.6,6135205,1.574979,2024,10,25,4
2024-10-28 04:00:00+00:00,1.79,1.8,1.57,17725,1.61,10484220,1.706523,2024,10,28,4
2024-10-29 04:00:00+00:00,1.79,1.8266,1.74,15260,1.81,8329660,1.784085,2024,10,29,4
2024-10-30 04:00:00+00:00,1.81,1.865,1.77,16520,1.82,9128312,1.829274,2024,10,30,4
2024-10-31 04:00:00+00:00,1.74,1.85,1.72,27971,1.84,18673132,1.757596,2024,10,31,4
2024-11-01 04:00:00+00:00,1.52,1.75,1.5,25204,1.75,20977060,1.577447,2024,11,1,4
2024-11-04 05:00:00+00:00,1.45,1.51,1.42,17865,1.5,11756196,1.454055,2024,11,4,5
2024-11-05 05:00:00+00:00,1.4,1.48,1.39,21903,1.45,11404530,1.429405,2024,11,5,5
2024-11-06 05:00:00+00:00,1.41,1.47,1.38,24625,1.43,13328499,1.411327,2024,11,6,5
2024-11-07 05:00:00+00:00,1.43,1.49,1.41,13986,1.42,8955310,1.4481,2024,11,7,5
2024-11-08 05:00:00+00:00,1.42,1.47,1.39,14703,1.45,9091009,1.414048,2024,11,8,5
2024-11-11 05:00:00+00:00,1.48,1.51,1.4,17025,1.45,13129621,1.45951,2024,11,11,5
2024-11-12 05:00:00+00:00,1.52,1.55,1.46,14780,1.47,8274470,1.516833,2024,11,12,5
2024-11-13 05:00:00+00:00,1.54,1.63,1.53,22253,1.55,16110980,1.578148,2024,11,13,5
2024-11-14 05:00:00+00:00,1.57,1.63,1.5,16592,1.56,11324596,1.570076,2024,11,14,5
2024-11-15 05:00:00+00:00,1.51,1.57,1.47,15222,1.56,8447173,1.510099,2024,11,15,5
2024-11-18 05:00:00+00:00,1.43,1.545,1.43,12451,1.5,7283842,1.48169,2024,11,18,5
2024-11-19 05:00:00+00:00,1.42,1.46,1.39,12988,1.4,8156499,1.426272,2024,11,19,5
2024-11-20 05:00:00+00:00,1.44,1.45,1.39,10348,1.42,5607154,1.42071,2024,11,20,5
2024-11-21 05:00:00+00:00,1.53,1.56,1.4,15634,1.43,11151716,1.490705,2024,11,21,5
2024-11-22 05:00:00+00:00,1.42,1.55,1.4,26145,1.52,24831089,1.478995,2024,11,22,5
2024-11-25 05:00:00+00:00,1.56,1.595,1.4,26777,1.45,22110740,1.529266,2024,11,25,5
2024-11-26 05:00:00+00:00,1.46,1.55,1.44,22161,1.55,17031544,1.472079,2024,11,26,5
2024-11-27 05:00:00+00:00,1.5,1.53,1.46,15477,1.48,9733769,1.49232,2024,11,27,5
2024-11-29 05:00:00+00:00,1.61,1.63,1.5,11260,1.5,9467872,1.589676,2024,11,29,5
2024-12-02 05:00:00+00:00,1.7,1.8,1.62,22313,1.63,20206857,1.703211,2024,12,2,5
2024-12-03 05:00:00+00:00,1.69,1.73,1.64,12222,1.67,7655960,1.691445,2024,12,3,5
2024-12-04 05:00:00+00:00,1.72,1.77,1.685,18051,1.69,11300372,1.736876,2024,12,4,5
2024-12-05 05:00:00+00:00,1.78,1.83,1.66,21150,1.72,14900287,1.750417,2024,12,5,5
2024-12-06 05:00:00+00:00,1.7,1.82,1.67,18268,1.81,13188928,1.72679,2024,12,6,5
2024-12-09 05:00:00+00:00,1.74,1.79,1.7,17154,1.7,11934916,1.749607,2024,12,9,5
2024-12-10 05:00:00+00:00,1.75,1.77,1.67,18126,1.75,9848030,1.727151,2024,12,10,5
2024-12-11 05:00:00+00:00,1.66,1.7501,1.6,21995,1.75,16645228,1.65732,2024,12,11,5
2024-12-12 05:00:00+00:00,1.6,1.67,1.58,15537,1.65,8087190,1.625174,2024,12,12,5
2024-12-13 05:00:00+00:00,1.54,1.595,1.51,15690,1.57,10374596,1.535217,2024,12,13,5
2024-12-16 05:00:00+00:00,1.47,1.5605,1.47,19085,1.56,11687197,1.49742,2024,12,16,5
2024-12-17 05:00:00+00:00,1.47,1.5199,1.42,17260,1.46,10640918,1.47859,2024,12,17,5
2024-12-18 05:00:00+00:00,1.4,1.48,1.36,22059,1.46,16932931,1.419475,2024,12,18,5
2024-12-19 05:00:00+00:00,1.32,1.42,1.31,23036,1.41,17134695,1.350958,2024,12,19,5
2024-12-20 05:00:00+00:00,1.39,1.435,1.275,23360,1.3,24087791,1.384686,2024,12,20,5
2024-12-23 05:00:00+00:00,1.37,1.41,1.36,14400,1.4,9136017,1.383071,2024,12,23,5
2024-12-24 05:00:00+00:00,1.36,1.38,1.33,9989,1.35,5644445,1.355292,2024,12,24,5
2024-12-26 05:00:00+00:00,1.35,1.39,1.33,11341,1.35,7482154,1.360778,2024,12,26,5
2024-12-27 05:00:00+00:00,1.35,1.37,1.31,12929,1.35,12348183,1.33529,2024,12,27,5
2024-12-30 05:00:00+00:00,1.25,1.33,1.23,26518,1.33,16258022,1.268012,2024,12,30,5
2024-12-31 05:00:00+00:00,1.26,1.27,1.21,18780,1.25,14246272,1.238686,2024,12,31,5
2025-01-02 05:00:00+00:00,1.41,1.43,1.29,15262,1.3,12650878,1.378865,2025,1,2,5
2025-01-03 05:00:00+00:00,1.44,1.48,1.4,14372,1.42,14107374,1.440655,2025,1,3,5
2025-01-06 05:00:00+00:00,5.06,5.3,3.05,1628117,3.98,682150133,4.28922,2025,1,6,5
2025-01-07 05:00:00+00:00,5.46,6.45,5.06,1094457,5.43,383995624,5.788975,2025,1,7,5
2025-01-08 05:00:00+00:00,5.35,6.1,4.55,412663,4.63,176972214,5.443367,2025,1,8,5
2025-01-10 05:00:00+00:00,5.11,5.99,4.99,239041,5.7,100456121,5.359555,2025,1,10,5
2025-01-13 05:00:00+00:00,4.45,4.895,4.3,131672,4.88,59464278,4.498578,2025,1,13,5
2025-01-14 05:00:00+00:00,3.81,4.59,3.78,119930,4.31,66189073,4.05849,2025,1,14,5
2025-01-15 05:00:00+00:00,3.93,4.27,3.91,79190,4.05,41306622,4.093089,2025,1,15,5
2025-01-16 05:00:00+00:00,3.99,4.1301,3.86,59656,4.0,33593437,3.99165,2025,1,16,5
2025-01-17 05:00:00+00:00,3.82,4.3,3.78,68578,4.07,34892262,3.997252,2025,1,17,5
2025-01-21 05:00:00+00:00,3.67,3.93,3.63,51534,3.82,25989886,3.728004,2025,1,21,5
2025-01-22 05:00:00+00:00,3.62,3.74,3.51,43657,3.63,22257084,3.599434,2025,1,22,5
2025-01-23 05:00:00+00:00,3.99,4.09,3.58,70548,3.6,39681577,3.908406,2025,1,23,5
2025-01-24 05:00:00+00:00,4.04,4.15,3.86,44278,3.93,25950167,4.044089,2025,1,24,5
2025-01-27 05:00:00+00:00,3.69,3.99,3.66,44644,3.93,19075081,3.796576,2025,1,27,5
2025-01-28 05:00:00+00:00,3.95,4.005,3.71,36135,3.74,15417598,3.911525,2025,1,28,5
2025-01-29 05:00:00+00:00,4.08,4.25,3.93,57319,3.98,31122252,4.104936,2025,1,29,5
2025-01-30 05:00:00+00:00,4.12,4.3,3.95,39813,4.18,24060946,4.1008,2025,1,30,5
2025-01-31 05:00:00+00:00,4.04,4.27,3.91,41775,4.15,20905643,4.056885,2025,1,31,5
